stop_id,score
ST-999,0.0
ST-998,0.0
ST-997,0.0007422871735630517
ST-996,7.639032217638592e-05
ST-995,1.611590493478586e-05
ST-994,0.0003406742224086511
ST-993,0.0002734346156431578
ST-992,0.004026246208695276
ST-991,0.000691077925959708
ST-990,0.0022825513769827374
ST-99,0.0034121371883830826
ST-989,0.0
ST-988,0.0002672767459669332
ST-987,0.0003325731790878657
ST-986,3.4258008008310984e-06
ST-985,0.00020629028543075065
ST-984,0.0002672482994264557
ST-983,0.0003035091447860033
ST-982,0.0
ST-981,4.7701527917446496e-05
ST-980,0.0005562600434186896
ST-98,0.00020956169851767662
ST-979,0.0001218652139773959
ST-978,0.001135795351844126
ST-977,0.0016726392812533818
ST-976,0.0
ST-975,0.001152872557138736
ST-974,0.00029120572301117383
ST-973,7.702005396550886e-05
ST-972,0.000227583255702851
ST-971,0.00019258707664054897
ST-970,3.766654552596001e-05
ST-97,0.000343515760675667
ST-969,0.0
ST-968,0.00639828017570225
ST-967,0.0001030904215196972
ST-966,6.120471444375332e-05
ST-965,0.0006225593471165808
ST-964,4.6799997067534165e-05
ST-963,0.00030325823286633276
ST-962,5.2897411401389774e-05
ST-961,2.0123888764661906e-05
ST-960,8.379448093828048e-05
ST-96,0.0033696027640253957
ST-959,0.00012540171860990569
ST-958,0.00022007821471962675
ST-957,0.00041734150513379384
ST-956,0.00019449301075426443
ST-955,0.0
ST-954,7.887977521534652e-05
ST-953,0.0002467186930350791
ST-952,0.00021155899519858178
ST-951,0.00022616341216167958
ST-950,0.0004445261565382746
ST-95,0.007615787244301234
ST-949,0.0007548605830240712
ST-948,0.00015488409064070988
ST-947,0.00019229951116383576
ST-946,0.0018398599159986809
ST-945,0.0
ST-944,0.0005586735392729879
ST-943,0.000489579916993209
ST-942,0.0002963436144118129
ST-941,0.001447136100449353
ST-940,0.0
ST-94,0.007736240340938662
ST-939,0.00028315387612212246
ST-938,0.012975481788057406
ST-937,3.168468594961379e-05
ST-936,0.0010786781963273411
ST-935,0.0024720969133619044
ST-934,0.0
ST-933,0.00021143214098676057
ST-932,0.002421314561639349
ST-931,0.00019428905585546657
ST-930,8.144995153565042e-05
ST-93,0.006542308605619262
ST-929,2.7078395357997456e-05
ST-928,0.0013869350718870132
ST-927,0.0010247719404400202
ST-926,1.71038700688408e-05
ST-925,0.00016660363669764201
ST-924,0.000473732827183609
ST-923,0.001738805942213741
ST-922,0.0
ST-921,0.0
ST-920,0.00037686760836884236
ST-92,0.004017793359678032
ST-919,0.0018363501365291231
ST-918,0.0008425874609633542
ST-917,0.0
ST-916,3.166150294819057e-05
ST-915,3.272897565994322e-05
ST-914,0.00011097102017235884
ST-913,8.837427304951807e-05
ST-912,0.00011002841403746693
ST-911,0.0
ST-910,0.0005398215555933357
ST-91,0.004059242395350829
ST-909,0.0
ST-908,9.808286105379524e-05
ST-907,0.0001011996062092234
ST-906,0.00014661926028686255
ST-905,0.0001464338942426834
ST-904,0.0001989482605141972
ST-903,7.364031948436403e-05
ST-902,1.202496373618036e-05
ST-901,2.5549592389332028e-05
ST-900,9.388676525394717e-05
ST-90,0.004086636300177392
ST-9,0.00631622040053568
ST-899,3.2688429214341656e-05
ST-898,0.0
ST-897,5.478585863667754e-05
ST-896,7.939855180322089e-05
ST-895,6.153961580598667e-05
ST-894,9.674249728951762e-05
ST-893,0.0
ST-892,0.000186879388608711
ST-891,0.0006654996450404924
ST-890,0.00031967793829022816
ST-89,0.02252160615928855
ST-889,6.37360866148651e-05
ST-888,0.0
ST-887,0.0003559500685346247
ST-886,5.433325323188975e-05
ST-885,0.00029049904854300186
ST-884,0.00048058182863175213
ST-883,0.0003756585768213709
ST-882,0.0008556507991246804
ST-881,0.00018720581939132936
ST-880,0.00013798472955199427
ST-88,0.0018510583630258436
ST-879,8.353935541232797e-05
ST-878,0.0
ST-877,0.0011391444288858018
ST-876,0.00013011493921586168
ST-875,0.0005113467755193436
ST-874,7.412788178451263e-05
ST-873,0.00039554082876731156
ST-872,0.0013697704630841736
ST-871,0.00047368715632508204
ST-870,0.0002852103807690794
ST-87,0.024170230681266495
ST-869,4.7917882950954066e-05
ST-868,2.2681166453890207e-05
ST-867,4.303928760583213e-05
ST-866,5.6380824370289085e-05
ST-865,0.0
ST-864,0.0
ST-863,1.1362984419106092e-05
ST-862,0.00020392926470438834
ST-861,3.249435422789056e-05
ST-860,1.0795027288019344e-05
ST-86,0.005216634211162713
ST-859,2.9162059467855095e-05
ST-858,0.0
ST-857,0.00017387630238032166
ST-856,9.408162780861976e-05
ST-855,4.5852000660929984e-05
ST-854,6.429585912452631e-05
ST-853,2.9558477987459377e-05
ST-852,0.00016135048877848363
ST-851,0.0
ST-850,8.818281585900598e-05
ST-85,0.012111165656438659
ST-849,0.0004928421524441478
ST-848,0.0
ST-847,9.422484037403765e-05
ST-846,0.0
ST-845,0.0
ST-844,0.0
ST-843,0.0
ST-842,0.0004978225416649435
ST-841,0.0
ST-840,0.00040704111147588134
ST-84,0.0027110901689279838
ST-839,8.006000519786818e-05
ST-838,7.757788787989553e-05
ST-837,0.0
ST-836,0.0
ST-835,0.0014545457355616962
ST-834,0.0010050756305428205
ST-833,0.0
ST-832,0.0
ST-831,0.0017201066481714795
ST-830,1.781560733795807e-05
ST-83,0.007655724161776676
ST-829,0.0004986362473744208
ST-828,0.00047178142369100074
ST-827,0.0010712705584302884
ST-826,3.6765685089180316e-05
ST-825,0.00015348702550878278
ST-824,0.0010587295249535078
ST-823,0.00016271271601254095
ST-822,0.00013492580371604975
ST-821,0.0004472974684749634
ST-820,0.0001667371147602213
ST-82,0.007328242307161785
ST-819,8.57695499877041e-05
ST-818,0.0004163311995829094
ST-817,2.1731382836923867e-05
ST-816,0.00023588589493342237
ST-815,0.0003303465330303498
ST-814,0.00014731235772223096
ST-813,0.00012422150130748347
ST-812,0.00038037717990824227
ST-811,0.00043986008971718196
ST-810,0.0001333533351589515
ST-81,0.0035506276122688504
ST-809,0.00010574166407879039
ST-808,0.00015994693242571618
ST-807,0.00013999528088091815
ST-806,5.040943822280632e-05
ST-805,0.0
ST-804,0.0001058373109785399
ST-803,0.0003639079599811663
ST-802,0.00011302775079922695
ST-801,4.5645578260927864e-05
ST-800,0.0
ST-80,0.0018449238503416984
ST-8,0.010067530862512638
ST-799,0.0005853260360541385
ST-798,0.0004287400784245196
ST-797,0.00016506981118536159
ST-796,0.00021128239193556026
ST-795,0.00010451013574184816
ST-794,0.000184030301871082
ST-793,0.00039964789354138156
ST-792,0.0003566486393079211
ST-791,0.001077077523032595
ST-790,4.900022756893983e-05
ST-79,0.0
ST-789,8.396813031675475e-05
ST-788,0.0006810102848917185
ST-787,0.0004526636990116537
ST-786,6.769672277113129e-05
ST-785,0.0
ST-784,0.000307672279189091
ST-783,0.00019679200798359962
ST-782,0.00010556329223108698
ST-781,0.00023907376482360036
ST-780,0.001171199630227445
ST-78,0.0014200434538405166
ST-779,3.635557109228863e-05
ST-778,6.957475083077324e-06
ST-777,0.0015408567171496775
ST-776,0.0
ST-775,6.722873416479385e-05
ST-774,7.223208482073159e-06
ST-773,3.818135027194203e-05
ST-772,0.0006307377142660585
ST-771,0.0002729284246878018
ST-770,0.000262217673262929
ST-77,0.004320053362996207
ST-769,0.00026034318505907485
ST-768,0.00012108098448808712
ST-767,0.00034707825993705833
ST-766,8.013578750952439e-05
ST-765,0.00025601725564261497
ST-764,0.0003728931580428557
ST-763,0.00010083483079461124
ST-762,0.00030006845238037477
ST-761,0.0007921300834349673
ST-760,0.0010957698407805898
ST-76,0.0036948888634382665
ST-759,0.0005509129294985657
ST-758,0.0009065609169811636
ST-757,0.00031109907662980603
ST-756,2.761563713935989e-05
ST-755,4.6434200611445726e-05
ST-754,0.0004004633079963663
ST-753,0.001698249687522405
ST-752,0.0005810011045519911
ST-751,0.0
ST-750,0.003691911340096774
ST-749,0.0
ST-748,0.002578075246536165
ST-747,0.0004556917016767161
ST-746,0.0004117768525909761
ST-745,0.00024194960712426166
ST-744,0.0001204708742643718
ST-743,7.726451254410226e-05
ST-742,0.0003810654882239721
ST-741,6.636545136723442e-05
ST-740,7.79489643192311e-05
ST-74,0.0
ST-739,0.0
ST-738,8.742693145509148e-05
ST-737,5.3078902448556275e-05
ST-736,4.917146970446107e-05
ST-735,0.00014761947486401913
ST-734,0.0
ST-733,0.0003533414233799147
ST-732,0.0002714047892993402
ST-731,0.00017688579792868425
ST-730,0.0
ST-73,0.007188655592200381
ST-729,0.0010374481675840732
ST-728,0.0015353933826822964
ST-727,0.00034292727657410355
ST-726,0.00041972435847712576
ST-725,0.00015901874121068417
ST-724,0.0011072659493100497
ST-723,0.00019617198433282302
ST-722,4.6857566716686764e-05
ST-721,6.189456691216592e-05
ST-720,0.0002466143406408595
ST-72,0.0013575622157498874
ST-719,0.00031375037492838707
ST-718,0.0
ST-717,0.00039070505270394324
ST-716,0.0
ST-715,0.0003530102654595773
ST-714,0.00038607997998166645
ST-713,0.0
ST-712,0.0006116322944020871
ST-711,0.0
ST-710,0.0
ST-71,0.0010975530314110116
ST-709,0.0002360344339852567
ST-708,0.0
ST-707,0.00017061987093576088
ST-706,0.0
ST-705,0.0005384717486045077
ST-704,0.000898982235962246
ST-703,0.0004296973342869462
ST-702,0.0030179297086321073
ST-701,0.00031964222884701217
ST-700,0.0012317599325626287
ST-70,0.0014387013370103445
ST-7,0.004019845610258583
ST-699,0.0022464189265070625
ST-698,0.0
ST-697,0.00012525023321744832
ST-696,0.00021937034736005872
ST-695,0.0007932076178709392
ST-694,0.0005595555201831332
ST-693,0.0005540425226387755
ST-692,0.00389905694964039
ST-691,0.0005483875673955024
ST-690,0.0005135146049713052
ST-69,0.0006344678108958411
ST-689,0.0
ST-688,0.0004500586973805698
ST-687,0.0012890074338283957
ST-686,0.00027804832350888367
ST-685,0.0007527307820813576
ST-684,0.0
ST-683,0.0046404090221025575
ST-682,0.0
ST-681,0.0
ST-680,0.0
ST-68,0.0009135962561535353
ST-679,0.00037205175304795703
ST-678,0.0004535897802994053
ST-677,0.00019883429658252823
ST-676,0.0003052829527899167
ST-675,0.0006184670163890413
ST-674,0.00013536826022629916
ST-673,0.0004888169883158356
ST-672,0.0
ST-671,0.00021977955262538604
ST-670,0.0
ST-67,0.0014038450578301536
ST-669,0.0007195104518572226
ST-668,0.0016991163218281263
ST-667,8.073929344989026e-05
ST-666,0.0007415777781173583
ST-665,0.00042871827488113144
ST-664,0.0020737544856965742
ST-663,0.0008163471763384316
ST-662,0.00047211121610287615
ST-661,2.2705270152787792e-05
ST-660,0.0011511746781623818
ST-66,0.0013538638335086365
ST-659,0.0
ST-658,4.997896188516556e-05
ST-657,8.303077069807638e-06
ST-656,0.0
ST-655,0.0004438744142610646
ST-654,3.047350425313514e-05
ST-653,0.0
ST-652,3.747856052423513e-05
ST-651,0.00019864956267646728
ST-650,8.414477585172541e-05
ST-65,0.0
ST-649,0.0
ST-648,2.934855258274224e-05
ST-647,3.935833744726185e-05
ST-646,9.529488716427898e-05
ST-645,5.5216008907264216e-05
ST-644,2.123755527407446e-05
ST-643,0.00013099972238684506
ST-642,0.00010290850228739916
ST-641,0.00040710138660004304
ST-640,0.0005247931805088619
ST-64,0.0014648675898152126
ST-639,0.00016484670269750277
ST-638,0.0001802937815827177
ST-637,0.00038828375223662185
ST-636,0.00036038673014301243
ST-635,0.00012464733123584518
ST-634,0.0001354422075751655
ST-633,0.0003482675427930818
ST-632,0.0009922401820080975
ST-631,6.085807054990481e-06
ST-630,0.0002122579366134766
ST-63,0.0010995184869877046
ST-629,0.00030617953021622115
ST-628,0.0001835471450656952
ST-627,0.0
ST-626,0.0
ST-625,0.0002554372422152267
ST-624,0.0002909944634628081
ST-623,6.558887975132314e-05
ST-622,7.403363886868116e-05
ST-621,0.0001579764551996553
ST-620,0.00020046156867226857
ST-62,0.0010848564885525922
ST-619,0.0006627427848883854
ST-618,0.0
ST-617,0.0
ST-616,4.440235855430425e-05
ST-615,4.1521858135627584e-05
ST-614,5.415667917576289e-05
ST-613,3.110176934403244e-05
ST-612,1.8583395919469225e-05
ST-611,0.00014929977740334754
ST-610,4.946777432206102e-05
ST-61,0.0
ST-609,1.2365532976565476e-06
ST-608,1.2908343763130184e-05
ST-607,0.0
ST-606,0.0
ST-605,5.835176754724582e-05
ST-604,8.656217758597673e-05
ST-603,0.00016919512209348983
ST-602,6.312902349612746e-05
ST-601,0.0
ST-600,0.0003547789565656758
ST-60,0.0005488809674430023
ST-6,0.006912782640036861
ST-599,6.458387783650435e-05
ST-598,0.0
ST-597,0.0
ST-596,0.00010257250963376875
ST-595,8.17839760064786e-05
ST-594,3.0333414072523325e-05
ST-593,3.755889009571498e-05
ST-592,0.0
ST-591,0.0
ST-590,3.940282587483351e-05
ST-59,0.0009418455539984328
ST-589,3.9110436869803743e-05
ST-588,3.773558559591953e-05
ST-587,1.8019084996404163e-05
ST-586,5.375381531873612e-05
ST-585,6.313801106990375e-05
ST-584,2.126874375763686e-05
ST-583,0.0
ST-582,0.0
ST-581,0.0
ST-580,0.0001249001065073966
ST-58,0.0
ST-579,0.0001510917317351341
ST-578,0.00012353024613672177
ST-577,0.0
ST-576,0.0
ST-575,0.0
ST-574,0.0
ST-573,6.552669920984806e-06
ST-572,0.00023337394854227203
ST-571,0.0001614147370603309
ST-570,8.066324927099726e-05
ST-57,0.0
ST-569,0.0
ST-568,2.973840030055192e-05
ST-567,0.0002124504835886649
ST-566,0.00012339762228858259
ST-565,0.00038714933490325
ST-564,0.00020390216455192813
ST-563,0.0004485556856023665
ST-562,6.619776113431998e-05
ST-561,0.00010199523237455157
ST-560,2.6349385013715033e-05
ST-56,0.0
ST-559,4.1748569887527435e-05
ST-558,0.0001312266189815789
ST-557,0.0
ST-556,0.0
ST-555,0.014998972533408301
ST-554,0.0
ST-553,0.0002067693914161535
ST-552,0.0
ST-551,5.856982283249851e-05
ST-550,0.00035435303884595647
ST-55,0.0034356693257397396
ST-549,0.0001338832249453099
ST-548,0.00018320665423102617
ST-547,0.0005579588918986731
ST-546,0.00014655088842930415
ST-545,5.426823838803921e-05
ST-544,0.0001254069879191752
ST-543,3.208751692201032e-05
ST-542,0.00013772876792027418
ST-541,0.00011699148505642518
ST-540,0.00011003361142975475
ST-54,0.0
ST-539,0.0002803949367414346
ST-538,0.0003586925547926464
ST-537,0.0
ST-536,0.000239585370049264
ST-535,0.0007993271077821539
ST-534,0.000347302878699535
ST-533,0.0001552220543270454
ST-532,6.772607884110878e-05
ST-531,0.00027560191645079117
ST-530,0.0006651561705824737
ST-53,0.0014730440917395276
ST-529,0.0
ST-528,0.0007120803206222347
ST-527,0.0
ST-526,0.0001854144779112122
ST-525,0.0008930232449539234
ST-524,0.0005508803134886708
ST-523,0.00041455382164025357
ST-522,0.002356387056980873
ST-521,0.0
ST-520,0.0019314398792745083
ST-52,0.001897560734661826
ST-519,0.0014045034774618332
ST-518,0.0010798751122914438
ST-517,0.0004978731321130055
ST-516,0.0011125429781616975
ST-515,0.0
ST-514,0.0011623846181115743
ST-513,0.0018813141063881292
ST-512,0.0010053406924754274
ST-511,0.00028655218380396085
ST-510,0.00043136429851198694
ST-51,0.0018116233005100568
ST-509,0.00030326894766942875
ST-508,0.0012616921812483343
ST-507,0.00016226065986422618
ST-506,0.0008515571255608809
ST-505,6.338132112724274e-05
ST-504,0.00012522392646582215
ST-503,9.360197616945426e-05
ST-502,0.0001459611284821485
ST-501,0.00012671506420471043
ST-500,7.920599065610355e-05
ST-50,0.0006560429203229396
ST-5,0.013188162136792208
ST-499,7.709937587112428e-05
ST-498,0.0
ST-497,7.225850998315106e-05
ST-496,0.00014413844273913115
ST-495,0.00011348518616449002
ST-494,0.00011711772285734254
ST-493,0.000434939407382607
ST-492,0.00037956732535765795
ST-491,4.978210245215848e-05
ST-490,9.95340505062007e-06
ST-489,0.0
ST-488,0.00023624790168777057
ST-487,7.883107242850863e-05
ST-486,0.00040174330209768983
ST-485,0.00015638617106756731
ST-484,0.0
ST-483,0.00032216650035524463
ST-482,0.0003980613579819216
ST-481,0.07386120671474244
ST-480,0.02251655748048347
ST-48,4.7219954227726545e-06
ST-479,0.029944632001386938
ST-478,0.008213626403608919
ST-477,0.0
ST-476,0.08172556975069628
ST-475,0.030191495371128734
ST-474,0.0
ST-473,0.011680562957401623
ST-472,0.02431624406583058
ST-471,0.09747085207336707
ST-470,0.006728080102746723
ST-47,0.004360299281526933
ST-469,0.026430289783197194
ST-468,0.0
ST-467,0.030855118691697866
ST-466,0.0
ST-465,0.019860374141502917
ST-464,0.023880834171465096
ST-463,0.010176042358072276
ST-462,0.026921681646476743
ST-461,0.021146135917873263
ST-460,0.022357924201928236
ST-46,0.0012571278411260985
ST-459,0.02221666119192549
ST-458,0.0
ST-457,0.0020142846943006216
ST-456,0.08244139388759575
ST-455,0.050491299799840544
ST-454,0.06820974464818315
ST-453,1.0
ST-452,0.10704246141003111
ST-451,0.09219402960929071
ST-450,0.05694950795856517
ST-45,0.0
ST-449,0.0
ST-448,0.003007225448527274
ST-447,0.0003645721520799429
ST-446,0.001927184271429518
ST-445,0.00030128483295814335
ST-444,7.498212633851327e-05
ST-443,0.00655694248261022
ST-442,0.004231112377164531
ST-441,0.0004858640136377062
ST-440,0.0005774030639119065
ST-439,0.0011044915106901846
ST-438,0.0019395155493751575
ST-437,0.0018554080154665731
ST-436,0.0008003343650070194
ST-435,0.0019728557097596243
ST-434,0.0
ST-433,0.0
ST-432,6.501510839383777e-05
ST-431,0.0009659464862421766
ST-430,0.0
ST-43,0.001533157431885416
ST-429,0.0
ST-428,0.00018168280536940968
ST-427,0.0
ST-426,0.01165521085405832
ST-425,0.00026966089783607303
ST-424,0.001096999467582053
ST-423,0.0
ST-422,0.0011011422180641024
ST-421,0.001958628553922104
ST-420,0.0005572492029697844
ST-42,0.0024945327819773534
ST-419,0.0003497349046343961
ST-418,0.0004298900762896118
ST-417,0.0011523905236724657
ST-416,0.0011649416264380196
ST-415,0.0
ST-414,0.0010306280454760305
ST-413,0.0028442194443132566
ST-412,0.0
ST-411,0.0
ST-410,0.00033082154738768745
ST-41,0.0010712455331686672
ST-409,0.00041043351461851006
ST-408,0.0006021567967963789
ST-407,0.0002707805555649725
ST-406,7.993906218916122e-05
ST-405,9.992839244931428e-05
ST-404,0.00010260722051111709
ST-403,0.00018851123365347774
ST-402,0.0002637012429212436
ST-401,0.00032901012950259704
ST-400,0.0006618121697820122
ST-40,0.002172416454429371
ST-4,0.012144619702722468
ST-399,0.0
ST-398,0.0007490184565277808
ST-397,0.00038705458459278695
ST-396,0.00011993584254132987
ST-395,0.0001890993673028845
ST-394,0.000283759322498552
ST-393,0.0
ST-392,0.00025048480501399696
ST-391,0.00032617854207945814
ST-390,0.00022280127375026064
ST-39,0.002613959201372044
ST-389,0.00010872581350656436
ST-388,0.0007504552062612029
ST-387,0.0004753427790610168
ST-386,6.525658386805838e-05
ST-385,0.0
ST-384,0.00025435385368849573
ST-383,0.0
ST-382,0.00018548592403393576
ST-381,6.0035234724002e-05
ST-380,0.0
ST-38,0.0
ST-379,0.0001862821645633968
ST-378,0.0001295573455159662
ST-377,0.00039650621762360124
ST-376,0.002835315732664933
ST-375,0.00039678970336384225
ST-374,0.0
ST-373,0.0
ST-372,0.0004565325023329847
ST-371,0.00027591094065610767
ST-370,0.00021768970535191505
ST-37,0.0029505220546532035
ST-369,0.0007847040403689734
ST-368,0.0004957719804116591
ST-367,0.0
ST-366,0.005490389517245453
ST-365,5.6682268773885774e-05
ST-364,0.00019500584366245003
ST-363,0.0001379565803188861
ST-362,0.0003876209565412704
ST-361,0.00035520125117018125
ST-360,0.0007533909551874655
ST-36,0.00243513206169868
ST-359,0.00045431824904025066
ST-358,0.0002876986136304893
ST-357,2.0042899565596166e-05
ST-356,0.0
ST-355,0.0
ST-354,0.00042200796008363885
ST-353,0.0
ST-352,0.0008541218691707171
ST-351,0.007833313384771386
ST-350,0.013634938669968484
ST-35,0.018406087530833722
ST-349,0.008547340211822302
ST-348,0.0036704953156782186
ST-347,0.008223969940625955
ST-346,0.005269799911090881
ST-345,0.004431593055431538
ST-344,0.018343040355000482
ST-343,0.004738918405350425
ST-342,0.011793979936212753
ST-341,0.0077642688383306605
ST-340,0.006259215788219046
ST-34,0.0
ST-339,0.008663529386139013
ST-338,9.024300549977844e-05
ST-337,0.0
ST-336,0.0011529684928806168
ST-335,0.0010951660674830951
ST-334,0.0016452139966596862
ST-333,0.000583215949952611
ST-332,0.00026163467303281135
ST-331,0.0016383107320630012
ST-330,0.0009933677562207531
ST-33,0.016305115559107512
ST-3293,6.303205409592059e-07
ST-3292,1.5602840622522645e-05
ST-3291,5.170325095697354e-05
ST-3290,9.618193831009391e-06
ST-329,0.0008738344648949729
ST-3289,2.233292434300335e-05
ST-3288,6.102588362993062e-05
ST-3287,1.038122356532643e-05
ST-3286,0.00032580944810083507
ST-3285,1.906690701417275e-05
ST-3284,9.402561841285041e-05
ST-3283,0.00023999133494066147
ST-3282,3.527308641674254e-06
ST-3281,0.00017078575043237142
ST-3280,1.922949866437571e-05
ST-328,0.0005569752695358174
ST-3279,0.007853501839230826
ST-3278,1.7506482509790635e-05
ST-3277,7.455041458303764e-05
ST-3276,0.0005094646952767225
ST-3275,1.3159285566879306e-05
ST-3274,1.3203994045213473e-05
ST-3273,2.584741828175311e-05
ST-3272,0.007481680103397555
ST-3271,0.0003871612887150283
ST-3270,0.0
ST-327,0.0016483672780479134
ST-3269,2.2215981212750224e-05
ST-3268,7.090554470802033e-05
ST-3267,0.00047879844538231334
ST-3266,2.7713329273724938e-05
ST-3265,0.000391515214686543
ST-3264,9.092954211438566e-05
ST-3263,8.817411622218751e-06
ST-3262,2.6242730184231662e-05
ST-3261,9.115676233846709e-05
ST-3260,0.0002789294543168264
ST-326,0.001936275699284539
ST-3259,2.9935253028959534e-05
ST-3258,0.0006813369576822457
ST-3257,2.041940529580606e-05
ST-3256,4.4021244903686866e-05
ST-3255,0.0002283633625911028
ST-3254,0.00011843095134232042
ST-3253,7.609034459628023e-05
ST-3252,0.0002751798467058285
ST-3251,0.00016766754468949512
ST-3250,0.00018787601120101414
ST-325,0.00029335972868897936
ST-3249,0.0014366469918515518
ST-3248,7.538912130931756e-05
ST-3247,4.945752884108461e-05
ST-3246,0.0
ST-3245,2.4792393748712938e-05
ST-3244,0.0028926509874192207
ST-3243,0.0002714332448949298
ST-3242,4.447429490245058e-05
ST-3241,0.000490686610169527
ST-3240,0.0002069877336384036
ST-324,0.0005769318898146388
ST-3239,0.006331157927459005
ST-3238,0.0014991296814150733
ST-3237,4.3739680607185156e-05
ST-3236,0.00029782916047111865
ST-3235,0.0015153745054667625
ST-3234,9.715613105343968e-05
ST-3233,8.75939450960901e-05
ST-3232,2.9997071201364e-05
ST-3231,0.0
ST-3230,8.693842542400465e-05
ST-323,0.0
ST-3229,0.0
ST-3228,3.465162298510798e-05
ST-3227,9.053211999168635e-05
ST-3226,0.0015085212374562752
ST-3225,0.0002398758978287234
ST-3224,0.00018127699117360726
ST-3223,0.00014490143202505097
ST-3222,9.318141280375226e-05
ST-3221,0.0002560135152513343
ST-3220,0.0
ST-322,0.001271687809604637
ST-3219,0.0002877359648860476
ST-3218,1.3695627684402354e-05
ST-3217,0.0
ST-3216,0.0
ST-3215,0.00026249230289189247
ST-3214,0.00035482571093006055
ST-3213,0.0007409113215291927
ST-3212,0.0009674540450777218
ST-3211,1.5751574867741204e-05
ST-3210,0.0006493323256122681
ST-321,0.00019677453713212988
ST-3209,6.22833345971399e-05
ST-3208,0.0002587925245098086
ST-3207,0.00013258617635626035
ST-3206,3.5630338694748886e-05
ST-3205,0.0001854033491281894
ST-3204,0.0010206357980931736
ST-3203,0.00046967761123716526
ST-3202,0.0006714634944444364
ST-3201,0.030978399596971018
ST-3200,0.00037333394444653687
ST-320,0.00042742997687611494
ST-32,0.00677975835262436
ST-3199,0.0001859975246239681
ST-3198,0.00010229104160624651
ST-3197,8.864287559500492e-06
ST-3196,0.00013495320068018348
ST-3195,0.00047382237370030496
ST-3194,0.0002530750024968853
ST-3193,1.424165163591313e-05
ST-3192,1.3975076756200215e-06
ST-3191,2.144558289800864e-05
ST-3190,2.0361248989464904e-05
ST-319,0.00018883064463161365
ST-3189,0.0002395083149239141
ST-3188,0.00019696588785431934
ST-3187,0.0015976163929873942
ST-3186,0.0
ST-3185,0.00034764407784595747
ST-3184,1.9701820551298268e-05
ST-3183,0.0
ST-3182,0.000526613997564357
ST-3181,5.3854793571464106e-05
ST-3180,8.987340482470479e-05
ST-318,5.3340036676860104e-05
ST-3179,8.275517121925319e-05
ST-3178,2.7577769480291975e-05
ST-3177,9.169610731110957e-05
ST-3176,0.0
ST-3175,5.464365220339033e-05
ST-3174,2.7707617694432442e-05
ST-3173,6.970513551721839e-05
ST-3172,3.059970725075425e-05
ST-3171,0.0009531858221446311
ST-3170,0.0006282791865682275
ST-317,7.439123707729383e-05
ST-3169,0.01805256085659443
ST-3168,0.00011544982760069103
ST-3167,2.7361558263790184e-05
ST-3166,0.00025579670357322597
ST-3165,0.00011114115410405826
ST-3164,0.0001062939118085939
ST-3163,0.000604647093788149
ST-3162,0.00012862761031895022
ST-3161,0.00011704114696239471
ST-3160,0.003293831261588731
ST-316,0.00015573327636226182
ST-3159,0.00023041708862620011
ST-3158,2.6249643853717617e-05
ST-3157,0.0
ST-3156,0.0
ST-3155,0.00010042875429180196
ST-3154,2.0695906804055914e-05
ST-3153,7.094530607675283e-05
ST-3152,3.865798256432065e-05
ST-3151,3.350007274759224e-05
ST-3150,1.3961896706470411e-05
ST-315,0.0006989299574512736
ST-3149,1.440984191502927e-05
ST-3148,4.6607672654541296e-05
ST-3147,4.027859594926868e-05
ST-3146,0.00033280771553350085
ST-3145,0.0001957530691950093
ST-3144,0.00023270011353781656
ST-3143,0.000490516375708371
ST-3142,0.0027667271487757735
ST-3141,4.87718581275414e-05
ST-3140,0.004423359905687749
ST-314,0.0
ST-3139,0.007149845043913507
ST-3138,0.000350424374625404
ST-3137,0.00013732739856820995
ST-3136,0.00025960949569103417
ST-3135,0.0014542900193142971
ST-3134,9.27241464598082e-06
ST-3133,3.9353445803017224e-05
ST-3132,0.0
ST-3131,5.046949650886613e-05
ST-3130,0.0034200922398467375
ST-313,0.000279953579452494
ST-3129,0.0010996647057524768
ST-3128,9.308891135026182e-05
ST-3127,0.003229196066894283
ST-3126,0.04771674978901524
ST-3125,0.004166733226492417
ST-3124,0.00010758991003130754
ST-3123,5.7138834864588005e-05
ST-3122,3.0433232412501464e-05
ST-3121,0.00015802362753488032
ST-3120,0.00017261872351226505
ST-312,0.00047962744311008345
ST-3119,5.33398431761446e-05
ST-3118,0.0004477985725335538
ST-3117,0.0007923956526839086
ST-3116,4.238991782461722e-05
ST-3115,9.552295010604573e-05
ST-3114,0.006226805645013533
ST-3113,0.007744233602790773
ST-3112,0.00018239978492863823
ST-3111,8.682784566015452e-05
ST-3110,2.4900479401019488e-05
ST-311,0.0005096644617997801
ST-3109,6.96599318819418e-05
ST-3108,9.079752410905201e-06
ST-3107,0.00015391028322717709
ST-3106,0.00048703482664658074
ST-3105,0.0024496326663006416
ST-3104,0.0010235863627828935
ST-3103,8.118091659422586e-05
ST-3102,0.0008650577939298174
ST-3101,0.00010799857189479784
ST-3100,0.00047687299829433927
ST-310,0.00034382190393934613
ST-31,0.0016499030516401987
ST-3099,0.0003711571000323702
ST-3098,0.0002739448035159452
ST-3097,0.0
ST-3096,0.00017416147574892627
ST-3095,0.010906330188434081
ST-3094,0.0018833632823475473
ST-3093,7.710570307656608e-06
ST-3092,0.00013836652836277867
ST-3091,1.6737197198112998e-05
ST-3090,0.000488434642495903
ST-309,0.0004965063048645915
ST-3089,0.0003403705955869424
ST-3088,1.9683382904337436e-05
ST-3087,4.030910979080195e-05
ST-3086,0.001651356882307035
ST-3085,0.0001470279588368898
ST-3084,0.0010497180751537836
ST-3083,0.002753244464517892
ST-3082,0.0016742075980492605
ST-3081,0.0005425553347588838
ST-3080,0.001414584102337293
ST-308,0.0
ST-3079,0.00012811817761660885
ST-3078,0.00019778102934268926
ST-3077,0.0002568658849228035
ST-3076,0.0018800436902508986
ST-3075,0.00029352537402940775
ST-3074,0.0
ST-3073,0.0013679300128161345
ST-3072,0.0039651753968355545
ST-3071,7.035016813124306e-05
ST-3070,0.0001762772578622969
ST-307,0.002236637202458968
ST-3069,3.138592871537212e-05
ST-3068,0.0005159752009427126
ST-3067,7.714945288278073e-05
ST-3066,0.0004893644516385921
ST-3065,9.295768472275313e-05
ST-3064,0.0002455391236489879
ST-3063,2.591549266437823e-05
ST-3062,0.0042398846765683
ST-3061,0.00033625892226893655
ST-3060,0.00017956164861221278
ST-306,0.0013375495185550348
ST-3059,0.00012210856494749314
ST-3058,0.08955916371307172
ST-3057,9.661689892846462e-05
ST-3056,0.001343554029772192
ST-3055,0.00011496254472179947
ST-3054,0.0004802739697920823
ST-3053,0.00017466972627270234
ST-3052,0.00033193464525853105
ST-3051,0.0017264749417076992
ST-3050,1.6287822367616833e-05
ST-305,0.0
ST-3049,0.00019767427460607768
ST-3048,5.1440176977560416e-05
ST-3047,0.00015676287946068
ST-3046,0.0003565033902187296
ST-3045,0.00039020710153132615
ST-3044,0.00014628546111142472
ST-3043,0.00032086520043127193
ST-3042,0.00030923404223187384
ST-3041,0.00012128599214609824
ST-3040,0.0003757638594971521
ST-304,0.000530995555695811
ST-3039,3.9488918498977267e-05
ST-3038,5.412998570606453e-05
ST-3037,1.1871406703651571e-05
ST-3036,1.587964292369953e-05
ST-3035,4.387209758241015e-05
ST-3034,0.0001969094064384156
ST-3033,0.0049943460816471675
ST-3032,0.00032941141592114577
ST-3031,0.00015308044072290887
ST-3030,0.00026871997035559324
ST-303,0.0004845039699868206
ST-3029,0.0003836483203788224
ST-3028,0.05752128357054421
ST-3027,0.0003501463912186689
ST-3026,2.8441104002226608e-05
ST-3025,4.4392520114607956e-05
ST-3024,2.750970606110386e-05
ST-3023,3.7822743537140425e-05
ST-3022,0.0
ST-3021,0.002097804462897328
ST-3020,0.0024607405817307832
ST-302,0.00040275556100579187
ST-3019,0.003921532947673994
ST-3018,0.0
ST-3017,0.0060050115422257
ST-3016,0.0
ST-3015,6.43496185474009e-05
ST-3014,0.0
ST-3013,0.0006139222146894053
ST-3012,0.00016136546040366616
ST-3011,0.000504667470651535
ST-3010,0.0
ST-301,0.0
ST-3009,3.821239000295748e-05
ST-3008,0.0055334827098879715
ST-3007,0.0
ST-3006,9.696752156768692e-05
ST-3005,1.6771278318946302e-05
ST-3004,7.297926453174106e-05
ST-3003,0.00030442177572620276
ST-3002,0.000347885497489899
ST-3001,0.0
ST-3000,0.0
ST-300,0.0005962154434513611
ST-30,0.0028197929976719635
ST-3,0.0
ST-2999,0.00029233907096593763
ST-2998,0.0
ST-2997,0.00023185626401068642
ST-2996,0.00030072617321695626
ST-2995,0.00019503920685820972
ST-2994,0.0005620963358423789
ST-2993,0.000910004269593545
ST-2992,0.00042889739600248305
ST-2991,0.00014207361820117986
ST-2990,0.0024581536232794895
ST-299,0.0005767287429712132
ST-2989,6.656610969864097e-06
ST-2988,9.168291095421922e-05
ST-2987,6.714812155376018e-05
ST-2986,6.204473085305531e-05
ST-2985,2.8759823518516103e-05
ST-2984,0.0001511607142230643
ST-2983,0.0
ST-2982,0.0
ST-2981,0.0024875452600300147
ST-2980,0.0004094415758142162
ST-298,0.0003822812162614119
ST-2979,0.014568399618911416
ST-2978,0.001282475992484177
ST-2977,0.0053320522482428875
ST-2976,0.0003244538934654767
ST-2975,0.0056522903236604265
ST-2974,0.006736964797506402
ST-2973,0.0
ST-2972,6.421256157271136e-05
ST-2971,4.606405033737484e-05
ST-2970,1.8582908909400518e-05
ST-297,0.004688961184020559
ST-2969,4.221389036337073e-05
ST-2968,0.0
ST-2967,6.638296737852409e-05
ST-2966,3.121025508477038e-05
ST-2965,0.0008868309323566744
ST-2964,0.0003666253777981638
ST-2963,0.0
ST-2962,7.049737886877706e-05
ST-2961,0.00017225482906513793
ST-2960,0.0004485926388618151
ST-296,0.0033942498646388477
ST-2959,0.00015222257485817287
ST-2958,0.000574392130378219
ST-2957,5.2208833903227015e-05
ST-2956,0.007015094646015911
ST-2955,1.012306792994938e-05
ST-2954,6.290429093080506e-06
ST-2953,2.7255905275860895e-05
ST-2952,4.7988937601790785e-05
ST-2951,0.0
ST-2950,0.0
ST-295,0.0034472789189489584
ST-2949,0.0001251722170937498
ST-2948,0.0005452343396541091
ST-2947,0.00017417584231365713
ST-2946,0.0010299512896977429
ST-2945,0.0006441151994389985
ST-2944,0.0010181280628835893
ST-2943,0.0007785888550510733
ST-2942,3.5810732848353045e-05
ST-2941,9.86434080896449e-05
ST-2940,5.603124317921919e-05
ST-294,0.0012875063958507963
ST-2939,2.3272987744332867e-06
ST-2938,1.0412237320049195e-05
ST-2937,1.3127060298698519e-05
ST-2936,2.1065812538075817e-05
ST-2935,0.00015589839285249564
ST-2934,0.00040011934102716223
ST-2933,0.0
ST-2932,0.0003019968248911303
ST-2931,8.794702314666189e-05
ST-2930,0.0
ST-293,0.0011073617426324912
ST-2929,4.236772684932464e-06
ST-2928,0.0
ST-2927,3.218249240352051e-05
ST-2926,8.08004919315034e-06
ST-2925,2.8929857019414108e-05
ST-2924,0.0016620149105994891
ST-2923,0.00023712712810506327
ST-2922,8.545932855232464e-05
ST-2921,7.127901025044888e-05
ST-2920,0.00111667666968731
ST-292,0.0017003633657175362
ST-2919,0.0
ST-2918,0.0
ST-2917,3.303909050820409e-05
ST-2916,0.0001617334591842403
ST-2915,5.6005341409658184e-05
ST-2914,3.572266520246029e-05
ST-2913,7.113102709601386e-05
ST-2912,0.0
ST-2911,6.414423522809733e-06
ST-2910,8.225338814133109e-05
ST-291,0.000719440956402356
ST-2909,1.5840001906088183e-05
ST-2908,6.691902597703862e-05
ST-2907,2.35027095509365e-05
ST-2906,5.6399248710405325e-05
ST-2905,0.12538971758008133
ST-2904,0.00014433141822293495
ST-2903,0.0005669026648454657
ST-2902,0.0011197147220705775
ST-2901,7.628417739759193e-05
ST-2900,0.0
ST-290,0.0002274165414344415
ST-29,0.00042508700618056603
ST-2899,0.00030922561675290937
ST-2898,0.00010485441024637953
ST-2897,0.00663424748161492
ST-2896,9.255631370547067e-05
ST-2895,0.00011734490207500057
ST-2894,7.111685241363008e-05
ST-2893,6.0890834735270185e-05
ST-2892,0.00047400451843901284
ST-2891,0.00022064341174745804
ST-2890,0.0
ST-289,0.0014929787545426055
ST-2889,0.0005598394731474935
ST-2888,0.0007601467060392057
ST-2887,0.00028606222314454653
ST-2886,0.0005778323987181864
ST-2885,0.0
ST-2884,0.00048407954144691714
ST-2883,0.0007180224099856059
ST-2882,6.54305371845965e-05
ST-2881,0.0
ST-2880,0.00027721228050902984
ST-288,0.0006238524543366492
ST-2879,0.0002030450012117769
ST-2878,5.672770560973457e-05
ST-2877,1.696533868497127e-05
ST-2876,0.0003806757376137271
ST-2875,7.934197963102101e-05
ST-2874,0.003157171446325868
ST-2873,0.0007426900624147515
ST-2872,0.00016670214470928215
ST-2871,0.0009541843886398764
ST-2870,0.00023023575230456364
ST-287,0.0004584646154897182
ST-2869,4.010303319547829e-05
ST-2868,5.880438259903513e-05
ST-2867,6.364991652486326e-05
ST-2866,0.0007242880222409081
ST-2865,0.0004216712785485273
ST-2864,0.0
ST-2863,0.0
ST-2862,3.5411310844317277e-05
ST-2861,6.454396502723418e-05
ST-2860,8.961356915868735e-05
ST-286,0.0007074358125271089
ST-2859,1.758664743430471e-05
ST-2858,0.0006458058959381852
ST-2857,0.0008827656112397115
ST-2856,1.954200955721026e-05
ST-2855,0.00015243090527502657
ST-2854,4.648074418846703e-05
ST-2853,4.260543404114506e-05
ST-2852,0.00017325334538520986
ST-2851,0.0004148513351238475
ST-2850,0.0
ST-285,0.0015275477687418236
ST-2849,3.673184428134138e-05
ST-2848,0.0
ST-2847,4.037992530311192e-05
ST-2846,0.00013955744280906373
ST-2845,0.0005512666085142144
ST-2844,0.0006036123001528761
ST-2843,0.00021683658906421503
ST-2842,0.00041823805591801244
ST-2841,1.713762485156864e-05
ST-2840,0.0
ST-284,0.00022209106469482274
ST-2839,0.00030036390534283694
ST-2838,2.5986979144538925e-05
ST-2837,0.00010348582775232266
ST-2836,0.0
ST-2835,5.5205089017201383e-05
ST-2834,0.00032260876622879905
ST-2833,0.00012153546907620657
ST-2832,0.0006246797219108314
ST-2831,0.0006983273392471602
ST-2830,9.979684866026286e-05
ST-283,0.0
ST-2829,9.746460400697986e-05
ST-2828,0.00015466287016051742
ST-2827,0.0021480165184774034
ST-2826,0.0
ST-2825,0.010530980979546946
ST-2824,0.02474674487003294
ST-2823,0.000794315652096205
ST-2822,0.0013331946929767105
ST-2821,0.00025782899733206517
ST-2820,0.0009470657835831447
ST-282,0.00017462875127271631
ST-2819,0.0005074580107272367
ST-2818,0.0004927977007468152
ST-2817,0.0006650810426319378
ST-2816,0.0004750899762803805
ST-2815,0.0038316734867048677
ST-2814,0.0015463567670155809
ST-2813,0.00044014245293136296
ST-2812,0.0010992700528542644
ST-2811,0.0006587933136510021
ST-2810,0.0008021303838944199
ST-281,0.0007298216180743515
ST-2809,0.0004913016974772892
ST-2808,0.00016688407870357934
ST-2807,0.00125596481266358
ST-2806,0.0003460280428718346
ST-2805,0.00013237722172140795
ST-2804,7.832527474139568e-06
ST-2803,0.0007395648671616084
ST-2802,0.0
ST-2801,0.0003728349862855351
ST-2800,0.0003315904301973187
ST-280,0.0010105703237068373
ST-28,0.003469589748376241
ST-2799,8.799020509650569e-05
ST-2798,0.00011987196714316771
ST-2797,0.00014198203967020543
ST-2796,9.832742211543758e-05
ST-2795,3.144046424074429e-05
ST-2794,0.0001429937615942721
ST-2793,0.00023532412157272232
ST-2792,5.144259725771495e-05
ST-2791,0.00021304514961083756
ST-2790,0.0003465376511386452
ST-279,0.001402183414284246
ST-2789,0.00036130154389476133
ST-2788,4.3761601016826866e-05
ST-2787,0.0005220544793093291
ST-2786,0.0014123468494534528
ST-2785,0.014988602988097129
ST-2784,0.0
ST-2783,0.02147510186652492
ST-2782,0.04182934312801212
ST-2781,0.014485436788768138
ST-2780,0.05712367188840412
ST-278,0.003013598522057167
ST-2779,0.0038291241193783424
ST-2778,0.01644219634150741
ST-2777,0.014244797048423666
ST-2776,0.006356709119351396
ST-2775,0.010538920241443322
ST-2774,0.00044136750326579
ST-2773,0.0001699253924416835
ST-2772,3.855437700581709e-05
ST-2771,0.000637083597779865
ST-2770,0.0002964234694768599
ST-277,0.003716518477480064
ST-2769,4.519226981209693e-05
ST-2768,0.0002574355213527145
ST-2767,0.00042006439231166275
ST-2766,0.0
ST-2765,0.0008633915895671473
ST-2764,0.0004710304279084874
ST-2763,0.00029055285038173234
ST-2762,0.00033298354305646754
ST-2761,0.0005460271089567712
ST-2760,0.0004524593173196207
ST-276,0.0003159524361111551
ST-2759,0.00021898584382327958
ST-2758,0.0
ST-2757,5.17182938462236e-05
ST-2756,7.141365452623496e-05
ST-2755,0.0
ST-2754,4.3631523674994274e-05
ST-2753,0.00038110443561914005
ST-2752,0.00016136961624361478
ST-2751,5.923709800414145e-05
ST-2750,2.4409493869828262e-05
ST-275,6.638923516796438e-05
ST-2749,0.00019925827525027384
ST-2748,8.72667296610054e-05
ST-2747,5.935324333002399e-05
ST-2746,0.0
ST-2745,3.797366908558526e-05
ST-2744,2.529772257476725e-05
ST-2743,2.0649676237102903e-05
ST-2742,0.00013477124775108254
ST-2741,0.0
ST-2740,0.00013427537922867892
ST-274,0.00025786203541423907
ST-2739,2.850031536946592e-05
ST-2738,0.0001114982341386
ST-2737,3.0676380903618626e-05
ST-2736,1.2859859140275442e-05
ST-2735,0.0
ST-2734,1.2763008939339137e-05
ST-2733,4.858733939241679e-05
ST-2732,0.0001633954688640163
ST-2731,7.920825787667239e-05
ST-2730,1.529718740712967e-05
ST-273,0.00026881520595453565
ST-2729,4.493549400683042e-05
ST-2728,0.00025106059419520877
ST-2727,0.00010612325132318473
ST-2726,0.00011456849613891584
ST-2725,3.1086627278101424e-05
ST-2724,5.1947477171490515e-05
ST-2723,4.894524439996091e-05
ST-2722,1.817629614883044e-05
ST-2721,0.0
ST-2720,1.1727605140974849e-05
ST-272,0.0005679669560938866
ST-2719,4.813159295641702e-05
ST-2718,0.00015771739904482706
ST-2717,3.58045985008651e-05
ST-2716,3.912136932608059e-05
ST-2715,0.0001270613295634074
ST-2714,7.579963580392578e-05
ST-2713,6.402372094559453e-05
ST-2712,1.1863039901105734e-06
ST-2711,8.569213647208613e-05
ST-2710,3.0032858493494938e-05
ST-271,0.00036841882294032084
ST-2709,2.0728697842705854e-05
ST-2708,1.4193071415352191e-05
ST-2707,1.8604722632307895e-05
ST-2706,0.0
ST-2705,7.356871037997877e-05
ST-2704,3.7260317651225235e-05
ST-2703,4.9928711385012475e-05
ST-2702,7.776938837568233e-05
ST-2701,4.19637984159069e-05
ST-2700,0.00010430373245759748
ST-270,0.00018194479004037564
ST-27,0.0
ST-2699,0.0
ST-2698,2.723461534558443e-05
ST-2697,8.514459263445969e-05
ST-2696,0.00011031751595533592
ST-2695,0.0
ST-2694,0.001097076953169048
ST-2693,0.0006546578007099277
ST-2692,7.775588656059163e-05
ST-2691,5.5381778902247514e-05
ST-2690,9.618709600322287e-05
ST-269,0.0004958828447247012
ST-2689,0.00028299882048569096
ST-2688,0.002004228496533775
ST-2687,0.0
ST-2686,4.967839250028669e-05
ST-2685,6.53625276256943e-05
ST-2684,6.666448801864321e-05
ST-2683,1.5297070648930658e-05
ST-2682,3.282296755198688e-05
ST-2681,5.1250835428391734e-05
ST-2680,0.0002358585233299905
ST-268,4.5241655685359465e-05
ST-2679,6.203106011703647e-05
ST-2678,0.00024179156819201293
ST-2677,7.326255511245218e-05
ST-2676,2.0337168445213824e-05
ST-2675,2.0126574201765217e-05
ST-2674,0.0001265651298360513
ST-2673,0.00046472545038365174
ST-2672,0.0
ST-2671,0.0001358714550714315
ST-2670,0.0
ST-267,0.00014698730952781915
ST-2669,0.0005770037008355566
ST-2668,0.0003330876770725884
ST-2667,0.0005441252886225062
ST-2666,0.00014496392033790643
ST-2665,0.0
ST-2664,0.0008955624929507836
ST-2663,0.00030392754590739097
ST-2662,2.6464721094466784e-05
ST-2661,3.550199358358513e-05
ST-2660,0.0
ST-266,0.00043813253889781395
ST-2659,0.0004639528727880118
ST-2658,0.0004406507780890542
ST-2657,0.00019676184359657074
ST-2656,7.539429776235601e-05
ST-2655,0.0001524503614382536
ST-2654,0.0006631868831802629
ST-2653,0.0002966902661155307
ST-2652,0.00014441106542895067
ST-2651,0.0
ST-2650,0.0003014298039765095
ST-265,0.0002617155322429687
ST-2649,0.00033472804418832
ST-2648,0.00014231903264681544
ST-2647,1.5626942244542673e-05
ST-2646,0.0003409427197467145
ST-2645,0.00012237675096791448
ST-2644,4.568326115614576e-05
ST-2643,0.000255913644053785
ST-2642,0.0002771242801272925
ST-2641,0.00045870090696971063
ST-2640,0.0
ST-264,0.0
ST-2639,0.0004954087635395668
ST-2638,0.00014779535767157694
ST-2637,0.00018732697015141613
ST-2636,0.00012594838975719404
ST-2635,0.00010256650943848892
ST-2634,3.9865874210828326e-05
ST-2633,8.700946159014887e-05
ST-2632,4.527686811732091e-05
ST-2631,3.892266195544258e-05
ST-2630,0.00013514229085736268
ST-263,0.0
ST-2629,6.48287632688421e-05
ST-2628,1.4801660656410945e-05
ST-2627,0.00015204307604180814
ST-2626,0.000612536406852679
ST-2625,0.0009114539583030043
ST-2624,0.00041293541608720887
ST-2623,0.0005915692857809213
ST-2622,0.0
ST-2621,3.085313306665622e-05
ST-2620,0.0
ST-262,0.0006836995158957102
ST-2619,1.393323499873633e-05
ST-2618,8.334629862111076e-05
ST-2617,0.00022168077861078455
ST-2616,0.00010906406951556042
ST-2615,0.00015235778446189748
ST-2614,0.0004128803366053858
ST-2613,0.000341361483658832
ST-2612,0.0
ST-2611,0.0008977818662544225
ST-2610,9.648325773163886e-05
ST-261,0.00013995486626904887
ST-2609,0.0002458233544608583
ST-2608,7.847725963178692e-05
ST-2607,4.433557535583121e-05
ST-2606,7.680711917833918e-05
ST-2605,8.602441113232637e-05
ST-2604,0.0
ST-2603,1.7986764749348253e-05
ST-2602,0.00022718593968436385
ST-2601,0.00010231074367559595
ST-2600,3.4142069525205294e-05
ST-260,5.865925440041583e-05
ST-26,0.004106470019204897
ST-2599,0.00010935150712443177
ST-2598,4.188699546159194e-05
ST-2597,1.0184568363153961e-05
ST-2596,0.00015746654260915022
ST-2595,4.203295772747105e-05
ST-2594,0.00023070060221367871
ST-2593,0.00023307937685581906
ST-2592,0.00021187698807216874
ST-2591,8.00699325240154e-05
ST-2590,7.027908549755839e-06
ST-259,0.0007187561121386324
ST-2589,4.939969203191118e-05
ST-2588,2.1617450601569685e-05
ST-2587,1.4690544092217014e-05
ST-2586,8.643952736780633e-06
ST-2585,2.081482395098306e-05
ST-2584,3.414958943533986e-05
ST-2583,0.0001182178382032478
ST-2582,0.0
ST-2581,0.00010005609007239828
ST-2580,0.00010801039338984748
ST-258,0.0003891348592820966
ST-2579,2.8684605417952385e-05
ST-2578,4.3266005511145646e-05
ST-2577,1.6686890611440925e-05
ST-2576,7.1982805179251e-05
ST-2575,2.989853189183205e-05
ST-2574,0.0002323925910334241
ST-2573,0.0
ST-2572,0.00013652097658753643
ST-2571,0.00015592070506467213
ST-2570,0.00019065967773404687
ST-257,0.00040123028624310754
ST-2569,0.000448984895769209
ST-2568,0.0001505581495414342
ST-2567,6.361557539418506e-05
ST-2566,0.0
ST-2565,0.00045015881795878413
ST-2564,0.0006154317507124316
ST-2563,0.00026406831056976837
ST-2562,2.5976694803030763e-05
ST-2561,0.003142114184161109
ST-2560,0.00021203094105625372
ST-256,0.0004277572962927202
ST-2559,0.00047324286576738917
ST-2558,0.00038713843718102465
ST-2557,0.003671338141912711
ST-2556,0.00017052853193688072
ST-2555,0.0006178452283566248
ST-2554,0.0
ST-2553,0.0014916662257200327
ST-2552,0.00020854329045263533
ST-2551,0.0003117273407372817
ST-2550,0.0005479397884804537
ST-255,0.00039065663526904627
ST-2549,9.388760825582376e-05
ST-2548,0.00013228684029970724
ST-2547,0.00014007216755677012
ST-2546,0.0002478691045015083
ST-2545,0.00015928475344686766
ST-2544,0.0001268898364116278
ST-2543,6.720594606940393e-05
ST-2542,0.00017303653754403741
ST-2541,7.116472081027044e-05
ST-2540,0.0
ST-254,0.0006908975591544549
ST-2539,0.0006567433987459463
ST-2538,0.0006575763993165739
ST-2537,0.0031288452576853968
ST-2536,0.011781664787018692
ST-2535,0.0038338967680251485
ST-2534,0.003425032412473361
ST-2533,0.006326959875858332
ST-2532,0.0017469982582762073
ST-2531,0.0021686490940249483
ST-2530,0.006386967837608983
ST-253,0.00024817208719076015
ST-2529,0.0
ST-2528,0.002358137277592798
ST-2527,0.0009786333514745468
ST-2526,0.00012595911646931708
ST-2525,0.00012342826907895207
ST-2524,0.0
ST-2523,0.0
ST-2522,0.0001985113081642374
ST-2521,0.00011532092412837238
ST-2520,0.000400275008655467
ST-252,0.00026598616609537233
ST-2519,0.0
ST-2518,0.003400036071681403
ST-2517,9.22351345457007e-05
ST-2516,6.557529701626126e-05
ST-2515,0.0
ST-2514,0.0005654341458539479
ST-2513,0.00032260231838001816
ST-2512,0.0
ST-2511,0.0
ST-2510,0.0
ST-251,0.00022685467172340798
ST-2509,0.00016544073891845367
ST-2508,0.0005889599906762995
ST-2507,0.0002670545151530103
ST-2506,0.00011159579981619504
ST-2505,0.00010558721262483193
ST-2504,0.0004128438686587345
ST-2503,0.0
ST-2502,0.000266368899814769
ST-2501,0.0005004288384666642
ST-2500,7.969100263484038e-05
ST-250,0.00013636845479384597
ST-25,0.021591903665796778
ST-2499,7.015366243866334e-05
ST-2498,0.00018288313236558264
ST-2497,0.00018704079624515406
ST-2496,0.00047790843836437706
ST-2495,0.0
ST-2494,0.0021271572424065603
ST-2493,0.0
ST-2492,0.0006297498087497681
ST-2491,0.002181357343039876
ST-2490,0.0007252379126135672
ST-249,0.0005186660189769615
ST-2489,0.0008964310229981171
ST-2488,0.00019312327307356846
ST-2487,0.0018374079578557605
ST-2486,0.0011207078604987112
ST-2485,0.0
ST-2484,0.000991555676100159
ST-2483,0.00025527055038943323
ST-2482,0.0010999990196353556
ST-2481,0.0010491154296678326
ST-2480,0.0002182101656112521
ST-248,0.0002821095746201961
ST-2479,0.0003213026591037249
ST-2478,0.0007862836915369419
ST-2477,0.0007826141550700072
ST-2476,0.00020161471828336003
ST-2475,0.0
ST-2474,2.1058478947347142e-05
ST-2473,0.001016897763196246
ST-2472,0.0013552115198004278
ST-2471,0.0
ST-2470,0.007759400462718986
ST-247,0.00022394738692458198
ST-2469,0.0032847312388170975
ST-2468,0.0003785430959664979
ST-2467,8.840825750380793e-05
ST-2466,0.00024269592819367472
ST-2465,0.0006825611658726258
ST-2464,0.000909903605470254
ST-2463,0.0002607953148770371
ST-2462,3.511860817024543e-05
ST-2461,1.2727320858453017e-05
ST-2460,0.0
ST-246,0.0008904209418765826
ST-2459,9.608248177158204e-05
ST-2458,4.4830093818486565e-05
ST-2457,3.390512170053035e-05
ST-2456,0.001644838021696172
ST-2455,0.0006202136830972987
ST-2454,0.0
ST-2453,0.000516902361550377
ST-2452,0.0003099415685825962
ST-2451,0.0011879362092896415
ST-2450,0.003949161228742312
ST-245,0.000464626870936738
ST-2449,0.0012858975802423965
ST-2448,0.00044418281370005866
ST-2447,0.0007509053333030739
ST-2446,0.0011330497382201722
ST-2445,0.00012019670808880452
ST-2444,7.950417967329271e-05
ST-2443,0.0003444664776525989
ST-2442,0.0007346796600395782
ST-2441,0.000614442292915126
ST-2440,0.00030903608355818755
ST-244,0.00031544193135014145
ST-2439,0.000888998079969258
ST-2438,0.0014628419878417803
ST-2437,0.0005441139376852182
ST-2436,0.00011996869917479418
ST-2435,0.00026974628169187725
ST-2434,9.739562567802996e-05
ST-2433,7.982805778247776e-05
ST-2432,0.00035282545494782754
ST-2431,0.0005856486745454753
ST-2430,3.764146817616993e-05
ST-243,0.000693862023834755
ST-2429,0.0
ST-2428,0.0001316835030640821
ST-2427,0.00036329175272867075
ST-2426,0.0
ST-2425,0.006576373723092175
ST-2424,2.0222070371648264e-05
ST-2423,0.0
ST-2422,0.00017996533899636714
ST-2421,0.0
ST-2420,0.0009775288507065068
ST-242,2.5770338009133922e-05
ST-2419,0.00045671878825137433
ST-2418,0.0
ST-2417,0.0001809228917592882
ST-2416,0.00013019166296363078
ST-2415,0.0003481451997233203
ST-2414,0.0005828135550189707
ST-2413,0.0
ST-2412,0.00044135102687047024
ST-2411,0.0008085520113609607
ST-2410,6.100923211452041e-06
ST-241,0.0008115736357760348
ST-2409,8.736321872883852e-05
ST-2408,2.795136107172666e-05
ST-2407,0.00019085621956529625
ST-2406,0.00017667073064362346
ST-2405,4.8328778032648455e-05
ST-2404,0.0002554257742491066
ST-2403,6.127916958687202e-05
ST-2402,1.5986242918773607e-05
ST-2401,3.691263936251953e-05
ST-2400,0.0
ST-240,0.00027311193342716107
ST-24,0.0025831928984726615
ST-2399,0.0
ST-2398,0.0004921118634437897
ST-2397,0.0003485654458826682
ST-2396,0.0004148982401848492
ST-2395,0.00033183592094856865
ST-2394,0.0002292444052984798
ST-2393,4.7458376673258135e-05
ST-2392,0.0
ST-2391,0.0
ST-2390,4.0751441480027095e-06
ST-239,0.00046816059013837785
ST-2389,0.0
ST-2388,0.0
ST-2387,0.0
ST-2386,0.0
ST-2385,0.0
ST-2384,0.0
ST-2383,4.311295518437194e-05
ST-2382,0.0002603196715302841
ST-2381,0.0
ST-2380,0.00015291065291895132
ST-238,0.0006931399580578036
ST-2379,0.00032554842587738977
ST-2378,0.0
ST-2377,0.0
ST-2376,0.0
ST-2375,0.00040405257315189537
ST-2374,0.00024429590806383317
ST-2373,0.0003307153649871388
ST-2372,0.0
ST-2371,0.0003317991746291347
ST-2370,0.00018892803305602088
ST-237,0.0004497501612760648
ST-2369,1.3225392789179144e-05
ST-2368,0.0007206940447140829
ST-2367,0.00016941357820358984
ST-2366,7.245657596299865e-05
ST-2365,0.00016214638010848644
ST-2364,0.0008302165601157516
ST-2363,0.0006970701606045101
ST-2362,0.0007230525371899564
ST-2361,0.0002791947363327602
ST-2360,0.0
ST-236,0.00028476354990576524
ST-2359,0.0005559188072409867
ST-2358,0.0
ST-2357,0.0007082283220342147
ST-2356,0.0005919912848181527
ST-2355,0.0007946647773351612
ST-2354,0.0
ST-2353,0.0010678133742085358
ST-2352,0.0004319874744611014
ST-2351,0.00019892682433869403
ST-2350,0.002020137920806503
ST-235,0.0002977385993160348
ST-2349,0.0
ST-2348,0.0
ST-2347,0.0
ST-2346,0.0
ST-2345,0.0
ST-2344,0.0
ST-2343,4.1143267286108206e-05
ST-2342,0.00019276457625368222
ST-2341,0.0010311546140803721
ST-2340,0.0003133131777351562
ST-234,0.0002962570122148817
ST-2339,0.00025469152377173885
ST-2338,0.0003029056119921688
ST-2337,0.0001258202991639778
ST-2336,0.0
ST-2335,0.00011051684337208048
ST-2334,0.0011230879024843167
ST-2333,3.9862562395145975e-05
ST-2332,0.003823586438753284
ST-2331,0.0003341852783096983
ST-2330,0.00040978512628075297
ST-233,0.0005580604548231017
ST-2329,0.0001660039832800644
ST-2328,0.0
ST-2327,0.0003872656383393479
ST-2326,0.0002246937250845534
ST-2325,0.00031489347093009907
ST-2324,0.0
ST-2323,0.0
ST-2322,0.0
ST-2321,0.00036483182037042695
ST-2320,0.00021863940513657367
ST-232,0.006082302976391034
ST-2319,0.0
ST-2318,0.00031610852868958983
ST-2317,0.0
ST-2316,0.0
ST-2315,0.0
ST-2314,0.0003637665318619261
ST-2313,0.0
ST-2312,0.00019645236631313036
ST-2311,0.0
ST-2310,0.0005443447229869989
ST-231,0.0073535168456895115
ST-2309,0.0007451223527991467
ST-2308,0.00038443257943851424
ST-2307,0.0
ST-2306,0.0
ST-2305,0.0002951644614055745
ST-2304,0.0
ST-2303,2.8320530104527023e-05
ST-2302,4.638911150201869e-05
ST-2301,0.00016666072253790614
ST-2300,7.88029628518351e-05
ST-230,0.00029997907790560153
ST-23,0.002999168803243811
ST-2299,0.00012623520797957555
ST-2298,5.847869236867375e-05
ST-2297,0.0
ST-2296,0.0
ST-2295,0.0
ST-2294,0.00024441360836033294
ST-2293,7.41706167275529e-05
ST-2292,0.00011733175850399969
ST-2291,0.0001296284624843214
ST-2290,6.752487102920596e-05
ST-229,0.0
ST-2289,4.669449842540163e-05
ST-2288,2.083045693473187e-05
ST-2287,2.348709969187292e-05
ST-2286,0.0
ST-2285,9.118012955191339e-05
ST-2284,4.8817118053144934e-05
ST-2283,0.00022905626687989172
ST-2282,0.00012059770407748795
ST-2281,5.855354653927731e-05
ST-2280,0.00032735821172987943
ST-228,0.0005674475360043874
ST-2279,9.054585070393175e-05
ST-2278,0.0003427379405598599
ST-2277,0.0
ST-2276,0.00021045287721399594
ST-2275,0.0
ST-2274,0.00028293800097883485
ST-2273,0.0003207931324149307
ST-2272,0.00038558226428019623
ST-2271,0.0001461496481606898
ST-2270,0.0005563964063196132
ST-227,0.004866280624593434
ST-2269,0.00028009583178891797
ST-2268,0.000432873583128683
ST-2267,0.00011534207765581344
ST-2266,0.00022866395897527952
ST-2265,0.00012409442992136508
ST-2264,0.04628233928563022
ST-2263,0.06388202896778819
ST-2262,0.0027294361389311756
ST-2261,0.03606427673743312
ST-2260,0.06799905940142473
ST-226,0.0023594515676727172
ST-2259,0.06596643966133794
ST-2258,0.0
ST-2257,0.017819794808215505
ST-2256,0.0
ST-2255,0.0
ST-2254,0.0
ST-2253,0.00773195016066651
ST-2252,0.011929243747092644
ST-2251,0.0
ST-2250,0.018130192763974956
ST-225,0.0
ST-2249,0.0
ST-2248,0.0
ST-2247,0.00488009414693021
ST-2246,0.012266435868892594
ST-2245,0.020065967664867037
ST-2244,0.07508216356116804
ST-2243,0.0009269150555199886
ST-2242,0.017422241820658525
ST-2241,0.018447775250375092
ST-2240,0.014127962804958422
ST-224,0.00046420706283835714
ST-2239,0.0013773480051383284
ST-2238,0.0
ST-2237,8.125675727070241e-05
ST-2236,9.436123651833279e-05
ST-2235,0.00029279515864051906
ST-2234,0.00010051486614739787
ST-2233,0.0
ST-2232,2.8203164191140018e-05
ST-2231,0.00016721008702528633
ST-2230,0.0
ST-223,0.007693990834835773
ST-2229,0.00010017328915412528
ST-2228,0.0
ST-2227,9.172372556989093e-05
ST-2226,0.0003441103134966389
ST-2225,0.0007227325910328237
ST-2224,0.0
ST-2223,0.0002169137583640468
ST-2222,0.0
ST-2221,0.0
ST-2220,0.0
ST-222,0.0058433370076362455
ST-2219,0.00028118698098451487
ST-2218,0.0
ST-2217,0.0036320373719631606
ST-2216,0.00891019054003669
ST-2215,0.0023995383974988764
ST-2214,0.0022582714856906887
ST-2213,0.011544298473654683
ST-2212,0.006664879812936985
ST-2211,0.0008126331055945225
ST-2210,0.00694573501289489
ST-221,0.003603216657103499
ST-2209,0.0
ST-2208,0.007249623818034979
ST-2207,0.0035440307246157594
ST-2206,0.009070971236962115
ST-2205,0.007128490168851422
ST-2204,0.00665439220136857
ST-2203,0.0
ST-2202,0.0007727276411438896
ST-2201,0.0016147115224094306
ST-2200,0.0011553333856664475
ST-220,0.003832396924273724
ST-22,0.002064578653989408
ST-2199,0.0009760004143305038
ST-2198,0.0004632024950047288
ST-2197,0.0
ST-2196,0.0016110212420229453
ST-2195,0.0054779802666779145
ST-2194,0.0014393141150193382
ST-2193,0.0
ST-2192,0.0
ST-2191,0.0005695716247980525
ST-2190,0.0003043432854572856
ST-219,0.0017264280977263551
ST-2189,5.183454094905065e-05
ST-2188,0.0025586543317114756
ST-2187,0.0007871691610269988
ST-2186,0.0
ST-2185,0.0
ST-2184,0.0025156005083521045
ST-2183,0.00020263116342318386
ST-2182,0.0005072928652023558
ST-2181,0.00029580991962896034
ST-2180,0.0
ST-218,0.0019462937381397548
ST-2179,0.0004546321446793369
ST-2178,0.0002243504005087796
ST-2177,0.007057798690819966
ST-2176,0.001188762900039374
ST-2175,0.000635765500180392
ST-2174,0.0007006429364131322
ST-2173,0.0014331445910010726
ST-2172,0.0008393700019231656
ST-2171,0.0
ST-2170,0.0
ST-217,0.0003499634228632328
ST-2169,0.0
ST-2168,0.015487615673903048
ST-2167,0.007311616962765262
ST-2166,0.002469101130336285
ST-2165,0.004228127594589468
ST-2164,0.004534285368028185
ST-2163,0.0007581366733016311
ST-2162,0.0
ST-2161,2.7211763750486205e-05
ST-2160,0.014485345264601197
ST-216,0.00020350987257535856
ST-2159,0.0
ST-2158,0.0
ST-2157,0.008829599166546014
ST-2156,0.01588268812205803
ST-2155,0.0
ST-2154,0.004044914143197061
ST-2153,0.001972908085043958
ST-2152,0.0058564008084210015
ST-2151,0.0
ST-2150,0.004569036187839473
ST-215,0.0
ST-2149,0.004358775288527802
ST-2148,0.0018848223154927597
ST-2147,0.007367344817748932
ST-2146,0.006824263158511217
ST-2145,0.0
ST-2144,0.0
ST-2143,0.0
ST-2142,0.0
ST-2141,0.0
ST-2140,0.0
ST-214,0.0025131598046017334
ST-2139,0.0
ST-2138,0.0
ST-2137,0.00029898955293324796
ST-2136,3.167756801678657e-05
ST-2135,0.0
ST-2134,8.744114629714599e-05
ST-2133,4.128157720057387e-05
ST-2132,0.00010714672618525457
ST-2131,0.0
ST-2130,2.633685134703167e-05
ST-213,0.0017024836941959426
ST-2129,6.799389481506278e-05
ST-2128,0.0
ST-2127,5.2700453138520644e-05
ST-2126,5.3302368199305645e-05
ST-2125,0.00010380203182103265
ST-2124,2.6044263094835655e-05
ST-2123,2.686453468154929e-06
ST-2122,0.0
ST-2121,0.0
ST-2120,3.5262150392812965e-05
ST-212,0.004252807277435192
ST-2119,1.175094206956877e-05
ST-2118,0.0
ST-2117,1.4432950412514136e-05
ST-2116,1.6172553853970902e-05
ST-2115,2.5564143087422436e-05
ST-2114,0.0
ST-2113,1.8114532005577432e-05
ST-2112,6.17602444316886e-05
ST-2111,0.0
ST-2110,4.897426375304629e-05
ST-211,0.015870322917626148
ST-2109,0.0
ST-2108,0.0
ST-2107,6.163924912999858e-05
ST-2106,1.1218692639765545e-05
ST-2105,0.0
ST-2104,1.690940242605157e-05
ST-2103,7.966163919412125e-05
ST-2102,3.8885343251722494e-05
ST-2101,7.130754603259792e-06
ST-2100,0.0
ST-210,0.007324937400640753
ST-21,0.006095847416473467
ST-2099,6.387550214367044e-05
ST-2098,0.0
ST-2097,3.531207551068177e-05
ST-2096,4.787785696138279e-05
ST-2095,9.267844232943039e-05
ST-2094,3.7148997778919496e-05
ST-2093,0.0
ST-2092,0.0
ST-2091,0.0
ST-2090,0.0
ST-209,0.0
ST-2089,9.060874203721859e-05
ST-2088,3.825632429221281e-05
ST-2087,5.74493870551341e-05
ST-2086,3.2056798874037193e-05
ST-2085,0.000137799044451805
ST-2084,0.0
ST-2083,6.288696754554942e-05
ST-2082,0.0
ST-2081,5.468738140317049e-05
ST-2080,1.8303506213221542e-05
ST-208,0.0
ST-2079,5.2430375333895906e-05
ST-2078,3.317052223066464e-05
ST-2077,4.578690689708318e-05
ST-2076,9.350253588401787e-05
ST-2075,9.088422788331684e-05
ST-2074,0.0001236389250666597
ST-2073,3.370923248350316e-06
ST-2072,0.0
ST-2071,0.0
ST-2070,2.8850175515606033e-05
ST-207,0.004411206796515676
ST-2069,4.6505502426461407e-05
ST-2068,3.651700330710634e-05
ST-2067,4.16584288812752e-05
ST-2066,0.0
ST-2065,0.0
ST-2064,0.0
ST-2063,4.343881703468637e-05
ST-2062,1.970838062465155e-05
ST-2061,0.0
ST-2060,0.0
ST-206,0.0065887685322055575
ST-2059,0.0005016031525157104
ST-2058,0.0007114161286532649
ST-2057,0.0003435919922578243
ST-2056,0.0013516341649760229
ST-2055,0.0
ST-2054,0.0009047680485889573
ST-2053,0.0
ST-2052,0.0004388201351084365
ST-2051,0.0
ST-2050,0.0011576741256510124
ST-205,0.007240947474123003
ST-2049,0.0005784707582321319
ST-2048,0.0004529501342835625
ST-2047,0.0010331867492634546
ST-2046,0.00038065970056401364
ST-2045,0.00445545539726645
ST-2044,0.0005236798291161452
ST-2043,0.0
ST-2042,0.002514491469415284
ST-2041,0.0008885027733649022
ST-2040,0.0014965842313574007
ST-204,0.008102620450005924
ST-2039,0.0006118340260813607
ST-2038,0.0
ST-2037,0.003154189240057077
ST-2036,0.0008729313529512027
ST-2035,0.0010644418665195405
ST-2034,0.0004577839990392699
ST-2033,0.0015923038491293651
ST-2032,0.00017862798895689505
ST-2031,0.010725935392414185
ST-2030,0.0
ST-203,0.0031258294025029642
ST-2029,0.0015711998656663259
ST-2028,0.00023985038979316132
ST-2027,0.0003979801392571011
ST-2026,0.0011396457675134522
ST-2025,0.001216461424157074
ST-2024,0.0018023986201543833
ST-2023,0.0010277588004945614
ST-2022,0.0003834473797795117
ST-2021,0.0
ST-2020,0.001567852658809699
ST-202,0.008637860664225986
ST-2019,0.0013564450685275404
ST-2018,0.0006643310993161965
ST-2017,0.001019001582124503
ST-2016,0.0005398448756263099
ST-2015,0.0
ST-2014,0.0003414970742859161
ST-2013,0.0005989352824253567
ST-2012,0.0003296411280948657
ST-2011,0.0007660872524524422
ST-2010,0.0
ST-201,0.004099723915366738
ST-2009,0.0
ST-2008,0.00011600077595827036
ST-2007,0.0005012011267381916
ST-2006,0.0018306495735167195
ST-2005,0.0006066669575895699
ST-2004,0.0
ST-2003,0.0004800163369940137
ST-2002,0.00019817367829212876
ST-2001,0.00024735783350155784
ST-2000,0.0005082552101718141
ST-200,0.0016734043714747807
ST-20,0.013258999212670996
ST-2,0.0
ST-1999,0.0009302472918388251
ST-1998,0.0
ST-1997,0.00040772920938301035
ST-1996,0.0004245470327499875
ST-1995,0.0009996822127182209
ST-1994,0.0005653694702167724
ST-1993,2.467621859536384e-05
ST-1992,0.0002476214572251255
ST-1991,0.0005010682503700915
ST-1990,0.0016678300470568074
ST-199,0.0004907683343452655
ST-1989,0.0
ST-1988,0.0
ST-1987,0.0
ST-1986,0.001509550920565367
ST-1985,0.0004983524796746919
ST-1984,0.0
ST-1983,0.0008589740380279681
ST-1982,0.00025310293477639117
ST-1981,0.0
ST-1980,0.0
ST-198,0.0015497862827173795
ST-1979,0.0
ST-1978,0.0002566547358143443
ST-1977,0.0004686781032834209
ST-1976,0.0011991551620244684
ST-1975,0.0003678856958059106
ST-1974,0.0004106210432788582
ST-1973,0.0014489407870827366
ST-1972,0.0007978546558631417
ST-1971,0.0019981154571721057
ST-1970,0.0003484212764396905
ST-197,0.00019688764583035247
ST-1969,0.00019432838065413353
ST-1968,0.0007461183801514258
ST-1967,0.00030299953483078613
ST-1966,4.909126033237217e-05
ST-1965,0.00017214717427589796
ST-1964,0.0010705125024236108
ST-1963,8.647595407886568e-05
ST-1962,0.0001174548141457484
ST-1961,0.0002940201582842574
ST-1960,0.0002598231910121641
ST-196,9.543666299683246e-05
ST-1959,0.00029410276800320066
ST-1958,6.913249523887008e-05
ST-1957,6.451353925273533e-05
ST-1956,0.0002258344892172608
ST-1955,0.00014305288731730027
ST-1954,0.00011889406763439784
ST-1953,2.6429267330641758e-05
ST-1952,0.00023144188076052144
ST-1951,0.0
ST-1950,0.00017740556555115343
ST-195,0.00029449859774293287
ST-1949,0.00014902517594639044
ST-1948,0.0001479301743979142
ST-1947,0.000149774616654745
ST-1946,1.2159836559963202e-05
ST-1945,0.00012987853177307132
ST-1944,0.00017344133107447053
ST-1943,0.0
ST-1942,0.0
ST-1941,0.00011765049959903251
ST-1940,0.0001726379053658144
ST-194,0.000887235955623037
ST-1939,0.00031026935423307
ST-1938,0.0009657749259908573
ST-1937,0.0001234649698928473
ST-1936,0.00024834711684519536
ST-1935,8.4463963599305e-05
ST-1934,0.00014697240691702036
ST-1933,0.0002102783926882412
ST-1932,1.8326296747016266e-05
ST-1931,0.0
ST-1930,0.0
ST-193,0.0
ST-1929,0.0002859791516263514
ST-1928,0.0
ST-1927,0.0
ST-1926,0.0005197538088701967
ST-1925,5.0388782918524166e-05
ST-1924,0.000633841988101566
ST-1923,0.001678921531620364
ST-1922,0.00015333811757345598
ST-1921,4.198190136736383e-05
ST-1920,0.000775349171752209
ST-192,0.0
ST-1919,0.0
ST-1918,0.0002044403386907608
ST-1917,0.00016732270169407906
ST-1916,0.0008426082955060678
ST-1915,0.001334619986276918
ST-1914,0.0003908378360445782
ST-1913,0.0
ST-1912,0.0
ST-1911,0.0
ST-1910,0.0055876231584434674
ST-191,0.0
ST-1909,0.0008458760900265359
ST-1908,0.0013312577171955139
ST-1907,0.0
ST-1906,0.0001366925988491684
ST-1905,3.848888062190871e-05
ST-1904,7.695525676033012e-05
ST-1903,0.00020773368891133457
ST-1902,9.451758819532992e-05
ST-1901,0.00010375503987900916
ST-1900,0.0004825284735351997
ST-190,0.0
ST-19,0.0017306587883256601
ST-1899,0.0005391440374508635
ST-1898,0.0
ST-1897,0.00021780223897075135
ST-1896,6.808315480836928e-05
ST-1895,0.000335362758867467
ST-1894,0.0
ST-1893,0.00012905730403229085
ST-1892,3.798587066277582e-05
ST-1891,1.3551756247041371e-05
ST-1890,0.0
ST-189,0.0006208839437729961
ST-1889,0.0002015863083333302
ST-1888,4.904796190008034e-05
ST-1887,0.0002563968916650641
ST-1886,0.00013970687957377993
ST-1885,0.00025832572179366336
ST-1884,0.00016720132580825252
ST-1883,1.8541019429954425e-05
ST-1882,0.0002808355120728103
ST-1881,0.00019025747163501733
ST-1880,0.00021954738967027693
ST-188,0.0
ST-1879,0.0009316796271767595
ST-1878,5.380798808091505e-05
ST-1877,4.252318791103484e-05
ST-1876,3.816294424276081e-05
ST-1875,3.657721039328642e-05
ST-1874,7.70079687955485e-05
ST-1873,4.2946617578424745e-05
ST-1872,8.506811359137049e-05
ST-1871,2.996355483455169e-05
ST-1870,1.536854244680203e-05
ST-187,0.00021160412678623543
ST-1869,0.00021059878771936743
ST-1868,7.781920219339475e-05
ST-1867,0.00017955365571616983
ST-1866,0.00015557333631230512
ST-1865,0.0
ST-1864,0.00040798485230808925
ST-1863,0.0
ST-1862,0.00010396772205972277
ST-1861,6.268292630903874e-05
ST-1860,0.00012719400184689424
ST-186,0.0003753622203077009
ST-1859,0.00014293503638332247
ST-1858,6.050777461217009e-05
ST-1857,0.00010138125907344366
ST-1856,0.0
ST-1855,0.00018487257550803358
ST-1854,2.6411568757050434e-05
ST-1853,6.002494386223487e-05
ST-1852,2.580201495459046e-05
ST-1851,0.0001247256398250912
ST-1850,9.296837947468603e-05
ST-185,0.000911879426760946
ST-1849,1.0964423659348126e-05
ST-1848,5.9769730836654287e-05
ST-1847,0.0
ST-1846,3.2113412138378014e-05
ST-1845,5.0703993089326186e-05
ST-1844,3.994170198191352e-05
ST-1843,3.670736927186315e-06
ST-1842,7.774129678359374e-05
ST-1841,4.0260346900938426e-05
ST-1840,0.00013437870207023674
ST-184,0.0
ST-1839,0.00024020155603137508
ST-1838,9.985486474204831e-05
ST-1837,9.882611066794113e-05
ST-1836,8.693178360649153e-05
ST-1835,6.663740492627283e-05
ST-1834,3.469031299802659e-05
ST-1833,0.00012577405362142454
ST-1832,0.0
ST-1831,0.00012482752709684064
ST-1830,0.0
ST-183,0.0014439316352827716
ST-1829,0.0005274103085900834
ST-1828,0.001764867846614827
ST-1827,0.003334618808722891
ST-1826,0.00014980864666264585
ST-1825,0.00017315190022284987
ST-1824,0.0006406492259935026
ST-1823,0.0018166540990395366
ST-1822,0.0007950393711746777
ST-1821,0.0
ST-1820,0.0003678909571085766
ST-182,0.0
ST-1819,0.0007677270480891399
ST-1818,0.0005677791423332049
ST-1817,0.0004126104879405389
ST-1816,0.00022061620603254452
ST-1815,0.00011348811910116771
ST-1814,0.0002887191879599486
ST-1813,0.0006772780359926147
ST-1812,0.0005268034732781343
ST-1811,0.0002135736223805131
ST-1810,0.00037617852262450765
ST-181,0.0005919266369969382
ST-1809,0.0001874869155261096
ST-1808,0.0003274786034192496
ST-1807,0.000787656799250994
ST-1806,0.0
ST-1805,0.00037426426836146913
ST-1804,0.0007773520013273427
ST-1803,0.0
ST-1802,0.0009147463546776787
ST-1801,2.7706611846084857e-05
ST-1800,0.0
ST-180,0.0007922555757449807
ST-18,0.01899594675620551
ST-1799,8.265142445675229e-05
ST-1798,7.836144470409132e-05
ST-1797,0.0007211419564339298
ST-1796,8.302016754712308e-05
ST-1795,3.374775391238635e-05
ST-1794,9.383166272645565e-05
ST-1793,0.0002574083230106422
ST-1792,0.0
ST-1791,0.0012679204097894815
ST-1790,9.134807225441994e-05
ST-179,0.0
ST-1789,6.32566988638049e-05
ST-1788,0.0
ST-1787,0.0
ST-1786,0.0002844348639357163
ST-1785,0.0001054053254247323
ST-1784,0.0
ST-1783,8.483293000329061e-05
ST-1782,0.00030083369736956826
ST-1781,0.0005416296175736077
ST-1780,0.00043515771419874613
ST-178,6.126228880325469e-05
ST-1779,0.00034957093132530675
ST-1778,0.00014262526443581302
ST-1777,0.0001970681038219187
ST-1776,0.00020860946226978387
ST-1775,0.00017572553926017577
ST-1774,0.00043735058971751715
ST-1773,0.00012136288909372558
ST-1772,0.0003558587498017944
ST-1771,0.00063201423739783
ST-1770,0.0
ST-177,0.00035425698146996997
ST-1769,0.000158242531885767
ST-1768,0.0006701361165991852
ST-1767,7.4870702194403e-05
ST-1766,2.4979425636612997e-05
ST-1765,1.034076515438389e-05
ST-1764,2.889450710052011e-06
ST-1763,1.98320074590189e-05
ST-1762,3.791739743622285e-05
ST-1761,0.00039792588129560847
ST-1760,0.00010117244034396665
ST-176,0.0005826350480416292
ST-1759,2.4319183293310724e-05
ST-1758,5.887608391157838e-05
ST-1757,0.0002798403590349268
ST-1756,0.0004529800247181985
ST-1755,0.0
ST-1754,0.006150021342575584
ST-1753,0.0002500863356584323
ST-1752,0.0013477046548029108
ST-1751,0.0
ST-1750,0.0
ST-175,0.0009353941506577762
ST-1749,0.0
ST-1748,0.0
ST-1747,0.0
ST-1746,2.9116745557881918e-05
ST-1745,1.027084747167023e-05
ST-1744,0.0
ST-1743,0.0
ST-1742,0.00011945637039144351
ST-1741,0.0
ST-1740,1.6612250348979126e-05
ST-174,0.00039020098127281745
ST-1739,0.0008114921902068914
ST-1738,0.0
ST-1737,0.0
ST-1736,0.000769157956099529
ST-1735,0.00023139086390375557
ST-1734,0.0001110052007842869
ST-1733,0.0006309982302866323
ST-1732,0.00010848312722043057
ST-1731,0.001173809443285504
ST-1730,0.0003197020732975848
ST-173,0.0003337230659458035
ST-1729,0.0001988956556167568
ST-1728,0.00018514472790953656
ST-1727,0.0005320079183337079
ST-1726,0.0
ST-1725,7.98116690101955e-05
ST-1724,4.418574324100333e-05
ST-1723,0.00013833378740834228
ST-1722,0.00029945464950627184
ST-1721,0.0009677134234057468
ST-1720,0.00043094719800932643
ST-172,0.00024382050886283266
ST-1719,0.00020882675654486566
ST-1718,0.0018667685816610375
ST-1717,2.970288723246261e-05
ST-1716,1.8776556313770266e-05
ST-1715,1.5872271930290758e-05
ST-1714,0.000919468458243179
ST-1713,0.00015618823551382475
ST-1712,0.0003086265759808547
ST-1711,0.0
ST-1710,0.0009620618970345173
ST-171,0.0003543072443246595
ST-1709,0.00023387415187508102
ST-1708,1.7849310210362265e-05
ST-1707,9.26914501916522e-05
ST-1706,2.0098345573718217e-05
ST-1705,0.00036144372648646113
ST-1704,0.00011443225227709607
ST-1703,0.00011492437713044932
ST-1702,9.020580228758096e-05
ST-1701,0.0016658332209502926
ST-1700,0.0003740863038596107
ST-170,0.0003023510845098137
ST-17,0.032825893236110494
ST-1699,0.00054149933316688
ST-1698,0.0005325961016633616
ST-1697,0.0004777249116911365
ST-1696,0.0001788267325735456
ST-1695,0.0006264450819322868
ST-1694,0.00045864262428815924
ST-1693,0.0
ST-1692,0.006495777133138923
ST-1691,0.002982954655008157
ST-1690,0.0
ST-169,0.0005333735371871776
ST-1689,0.0018400577184492358
ST-1688,0.0008132153251927934
ST-1687,0.0001636291362558116
ST-1686,4.977555018839054e-05
ST-1685,4.487524759953561e-05
ST-1684,9.564016633080342e-05
ST-1683,0.0
ST-1682,5.309864440755447e-06
ST-1681,0.00029414554818482517
ST-1680,7.769859505237284e-05
ST-168,0.0
ST-1679,0.00036171611137229164
ST-1678,0.00034823416527371995
ST-1677,0.0006452097633282612
ST-1676,0.00045331456643022484
ST-1675,0.001034460187660273
ST-1674,0.0024823838875739656
ST-1673,0.0
ST-1672,4.811741925386898e-05
ST-1671,0.00023453603408951195
ST-1670,0.00013796807085565707
ST-167,0.0014893995580911507
ST-1669,1.6998973311608704e-05
ST-1668,0.0008624974742639531
ST-1667,0.0005941989134111313
ST-1666,0.0
ST-1665,7.040973922662262e-05
ST-1664,8.422256599730184e-05
ST-1663,0.0003284657611197675
ST-1662,0.0
ST-1661,0.0010594371280829176
ST-1660,0.0011486013580031518
ST-166,0.0
ST-1659,0.0
ST-1658,0.0
ST-1657,0.00014146611895412536
ST-1656,0.00017619569032950434
ST-1655,0.0004144763982003945
ST-1654,0.0005656099223191312
ST-1653,0.0013009917739477512
ST-1652,0.00036644118025410224
ST-1651,0.00016325683183009647
ST-1650,0.0008419586867529388
ST-165,0.0013219122149812918
ST-1649,0.0014789659111504936
ST-1648,0.0003475278051311185
ST-1647,0.0004270672727704185
ST-1646,0.0005531442664509587
ST-1645,0.0012697512661410202
ST-1644,0.0
ST-1643,0.0
ST-1642,5.836666233213853e-05
ST-1641,3.7171151425934956e-05
ST-1640,4.115891739033265e-05
ST-164,0.0
ST-1639,3.357852353422798e-05
ST-1638,7.265705546351154e-05
ST-1637,0.0002793809412644291
ST-1636,8.506786107563815e-05
ST-1635,0.0
ST-1634,4.931453153150556e-05
ST-1633,0.0
ST-1632,0.000497814472128498
ST-1631,0.0004971401993253435
ST-1630,0.0
ST-163,0.0001761247384188727
ST-1629,0.00042516728035089355
ST-1628,0.00021511351302182263
ST-1627,7.813372368207078e-05
ST-1626,0.00010253035808617989
ST-1625,0.00016120998350136013
ST-1624,0.0
ST-1623,3.1777882418986084e-05
ST-1622,1.8580082350809486e-05
ST-1621,7.082161784285235e-05
ST-1620,6.138755466614224e-05
ST-162,0.0003520579845149624
ST-1619,0.009763380644591846
ST-1618,5.831688442128393e-05
ST-1617,0.00010250326078097505
ST-1616,3.114893304631402e-05
ST-1615,0.0004994253588984422
ST-1614,0.0
ST-1613,0.0
ST-1612,0.0
ST-1611,0.0019308819968550915
ST-1610,0.0002269911658445707
ST-161,0.0001440619139137494
ST-1609,0.00031091001825922645
ST-1608,0.00016938461093269017
ST-1607,0.000666910766916592
ST-1606,0.0004816863453901931
ST-1605,0.0004840887566065931
ST-1604,0.0
ST-1603,0.00012049553565337181
ST-1602,0.0005903506454947517
ST-1601,1.8821067196069633e-05
ST-1600,0.0
ST-160,0.00018987255471524878
ST-16,0.005371606977184112
ST-1599,0.001127557099305498
ST-1598,4.9134292986268975e-05
ST-1597,4.6950426524831624e-05
ST-1596,0.0
ST-1595,2.285312983661803e-05
ST-1594,2.3301112898843333e-05
ST-1593,0.0
ST-1592,4.846170992939998e-05
ST-1591,0.0
ST-1590,0.00013864041176681952
ST-159,0.00019027630178650873
ST-1589,6.294873285588052e-05
ST-1588,3.6784471553663066e-05
ST-1587,0.0
ST-1586,0.00027903482091973947
ST-1585,4.906270670546555e-05
ST-1584,0.00041737570595060184
ST-1583,0.0
ST-1582,0.00026169075266292203
ST-1581,0.0
ST-1580,5.242447899236065e-05
ST-158,0.0007501155348796633
ST-1579,8.725745007156115e-05
ST-1578,8.510400561077847e-05
ST-1577,0.000274651106825931
ST-1576,0.000123217192722665
ST-1575,1.1658527304044163e-05
ST-1574,0.00027684566968079195
ST-1573,0.00012532369396237044
ST-1572,0.0
ST-1571,1.396370325891701e-05
ST-1570,0.0
ST-157,0.0002662461841660664
ST-1569,0.0
ST-1568,5.032180699791529e-05
ST-1567,0.0
ST-1566,0.0002538196208304929
ST-1565,0.0
ST-1564,0.00035849493727706184
ST-1563,4.623103796205969e-05
ST-1562,4.9720460221294584e-05
ST-1561,3.895360239964591e-06
ST-1560,0.00015481432696565743
ST-156,0.0003025952646699462
ST-1559,0.00012726024903258275
ST-1558,0.0
ST-1557,0.0001778695372231064
ST-1556,0.0005844759121781186
ST-1555,0.0004151184507410655
ST-1554,0.000593968532662604
ST-1553,0.00031761985431668976
ST-1552,0.00011822516594757141
ST-1551,0.0
ST-1550,0.0
ST-155,0.0005535188559241658
ST-1549,0.0
ST-1548,0.0007979678515568562
ST-1547,0.00015253427536602616
ST-1546,0.0
ST-1545,0.0014948065112964626
ST-1544,0.0
ST-1543,0.0005073187114940235
ST-1542,0.0006433742414809116
ST-1541,0.0004413697385780058
ST-1540,0.00046600905531966864
ST-154,4.748042942816796e-05
ST-1539,0.0016499039377580959
ST-1538,6.243260081896583e-05
ST-1537,0.00029554262628650485
ST-1536,0.00020483657673671857
ST-1535,0.0001755520224629849
ST-1534,0.00013775779136240336
ST-1533,0.0
ST-1532,0.0
ST-1531,0.001051546906785317
ST-1530,0.0
ST-153,0.00018207009107752068
ST-1529,0.0004142537979420961
ST-1528,0.00014454787841060093
ST-1527,0.00014339890620387405
ST-1526,0.0005026006734492395
ST-1525,0.0
ST-1524,0.0
ST-1523,0.0009579392645755948
ST-1522,0.00044452203529879024
ST-1521,0.000492174729025268
ST-1520,0.00024730596321892066
ST-152,0.00047592651338345255
ST-1519,0.0007954341638921114
ST-1518,0.00026834935359800686
ST-1517,0.0009742607212849662
ST-1516,0.0
ST-1515,0.0003976816050841352
ST-1514,0.000578224145228178
ST-1513,0.0
ST-1512,0.0002766648622848819
ST-1511,0.0005835712715601939
ST-1510,0.001364824240564459
ST-151,0.0005151784620455983
ST-1509,0.0010506047317638582
ST-1508,0.00038782847571720527
ST-1507,0.00040377063780347314
ST-1506,0.0016922415287134384
ST-1505,0.0
ST-1504,0.000177051846310378
ST-1503,0.00046872819713982493
ST-1502,0.0
ST-1501,0.00028814014333095446
ST-1500,0.00025664902326740776
ST-150,0.0008887331882679811
ST-15,0.005797940854421563
ST-1499,0.00026832317885974516
ST-1498,8.449911842942476e-05
ST-1497,0.0005420695664884142
ST-1496,0.0007006537490280909
ST-1495,0.00038594890472603736
ST-1494,0.0013968455488639689
ST-1493,0.0027163158468368276
ST-1492,0.0016660018628495404
ST-1491,0.010737986736973019
ST-1490,0.026347294575281382
ST-149,0.0
ST-1489,0.03427980887513409
ST-1488,0.005759902887274339
ST-1487,0.005037902061221827
ST-1486,0.0034906026423743145
ST-1485,0.007296248490026617
ST-1484,0.01078852357932049
ST-1483,0.2723550709841795
ST-1482,0.00966327394490971
ST-1481,0.14930006668932444
ST-1480,0.047879564416057695
ST-148,0.0002122960885438594
ST-1479,0.009556343867656717
ST-1478,0.0
ST-1477,0.0
ST-1476,5.464251695620344e-05
ST-1475,3.3156436533281994e-05
ST-1474,0.00018378373514327985
ST-1473,3.624369201933977e-05
ST-1472,0.0
ST-1471,0.0
ST-1470,4.5641999212223466e-05
ST-147,0.0002428398977337119
ST-1469,0.0001561573106843083
ST-1468,3.3231959651205765e-05
ST-1467,2.384785452902609e-05
ST-1466,2.0990811106667194e-05
ST-1465,2.2042637370284626e-05
ST-1464,1.6210521517060398e-05
ST-1463,9.332248780881676e-06
ST-1462,2.758574996023248e-05
ST-1461,5.634253527343029e-05
ST-1460,0.00012306639593097962
ST-146,0.0
ST-1459,0.00014368720568326337
ST-1458,0.00012510953403962858
ST-1457,5.696078289821388e-05
ST-1456,0.00026054445292121456
ST-1455,0.0005356715108323287
ST-1454,0.00028463472380494564
ST-1453,0.0
ST-1452,7.442810407062248e-05
ST-1451,0.0001512940204728201
ST-1450,0.0
ST-145,0.0009106712397292863
ST-1449,0.00013627340752390984
ST-1448,0.0
ST-1447,0.00013839279535297756
ST-1446,0.0021795776820924613
ST-1445,0.0002667408190183077
ST-1444,0.0
ST-1443,0.0026010654218533236
ST-1442,0.0007754303669072133
ST-1441,0.0019339023210588507
ST-1440,0.0009913495278878702
ST-144,0.00029650368112328683
ST-1439,0.0001885971591816473
ST-1438,2.502207793213448e-05
ST-1437,6.429938916923186e-05
ST-1436,0.0005326900230143897
ST-1435,0.0009325584400604269
ST-1434,9.397740318732563e-06
ST-1433,0.0001535893583438212
ST-1432,0.00025512685973564677
ST-1431,0.0
ST-1430,0.0
ST-143,0.0005377991230964966
ST-1429,6.875089360519723e-05
ST-1428,0.0
ST-1427,0.00013029026956689423
ST-1426,2.2043379458234422e-05
ST-1425,2.359002200629065e-05
ST-1424,0.00017714351750885288
ST-1423,4.8548040555391026e-05
ST-1422,0.00010702096951773056
ST-1421,0.00015578970468538265
ST-1420,0.00022490646329012271
ST-142,0.0003914817957375561
ST-1419,6.568438386056606e-05
ST-1418,2.0801177041371783e-05
ST-1417,9.462849499663362e-05
ST-1416,3.43328093913331e-05
ST-1415,0.0
ST-1414,2.0148782865294303e-05
ST-1413,9.689988362475646e-05
ST-1412,0.0
ST-1411,7.612622637769436e-05
ST-1410,2.0583492621316206e-05
ST-141,0.0
ST-1409,0.00010176747806683078
ST-1408,8.415540882752898e-05
ST-1407,7.738766262809994e-05
ST-1406,0.00021078267629654556
ST-1405,0.0
ST-1404,0.0002035535170044952
ST-1403,0.0006561792753143921
ST-1402,0.0008197690829618941
ST-1401,0.0
ST-1400,0.0002717274154321646
ST-140,0.0005671807985935255
ST-14,0.0
ST-1399,0.0
ST-1398,0.0002844284448244819
ST-1397,0.00596647763385437
ST-1396,1.3592597837127598e-06
ST-1395,5.373137096126185e-05
ST-1394,7.090719953161317e-06
ST-1392,3.6460241189016574e-05
ST-1391,1.0941931824344856e-05
ST-1390,5.553323904755041e-05
ST-139,0.0
ST-1389,5.3772324712612416e-05
ST-1388,3.255227496273077e-05
ST-1387,7.700469566253292e-05
ST-1386,0.00027117963268940914
ST-1385,0.0
ST-1384,0.0002087282797672033
ST-1383,0.0007969221599016764
ST-1382,0.0
ST-1381,5.262124664339788e-05
ST-1380,0.00013531873925811546
ST-138,0.00032196464010406274
ST-1379,6.7033709020817e-05
ST-1378,0.00032984381566051035
ST-1377,0.0
ST-1376,0.0017509997107720183
ST-1375,0.00016275191907112068
ST-1374,0.0009374180137437696
ST-1373,0.0009112500296662144
ST-1372,0.0006861909726384741
ST-1371,6.142260306231568e-05
ST-1370,7.836708677351274e-05
ST-137,0.0004756168566425037
ST-1369,0.0
ST-1368,0.0
ST-1367,4.743075258661885e-05
ST-1366,4.340765910352542e-05
ST-1365,0.00021598003761684717
ST-1364,0.00015928016031974463
ST-1363,0.0
ST-1362,0.0
ST-1361,0.0002281322704853305
ST-1360,0.000133161264557163
ST-136,0.00038449074868119893
ST-1359,0.0
ST-1358,0.0
ST-1357,0.0013644225453693355
ST-1356,0.00012145101636335315
ST-1355,4.84437606697667e-05
ST-1354,0.0
ST-1353,0.0004986822402536454
ST-1352,0.0016482880103854476
ST-1351,0.002054080588625
ST-1350,0.0004102642394697493
ST-135,0.0
ST-1349,9.295566058355642e-05
ST-1348,4.8026483712140755e-06
ST-1347,0.0007683138640480608
ST-1346,7.626211207154057e-05
ST-1345,3.545227702705434e-05
ST-1344,0.004369926095657006
ST-1343,0.0028768255175064994
ST-1342,0.0013894918117635007
ST-1341,0.002912245219761097
ST-1340,0.0
ST-134,0.0003974884874459717
ST-1339,0.002434841270228392
ST-1338,0.0005449777020382822
ST-1337,0.0005708190714869981
ST-1336,0.0
ST-1335,0.00025482412130957253
ST-1334,0.0003692165070344339
ST-1333,0.00011302739103641134
ST-1332,0.00010499891754050577
ST-1331,0.024149140968909532
ST-1330,0.0
ST-133,0.0
ST-1329,0.12021071580750976
ST-1328,0.0006200384860536019
ST-1327,0.0003056176867246179
ST-1326,0.002859813343029533
ST-1325,0.001172950244365148
ST-1324,0.00012061319897060866
ST-1323,0.0008601284166349645
ST-1322,0.0
ST-1321,0.0015690200844207024
ST-1320,0.0007892047805636642
ST-132,0.00048563852134387865
ST-1319,0.0
ST-1318,0.0
ST-1317,0.002207515290346932
ST-1316,0.0
ST-1315,3.8943877427964666e-05
ST-1314,0.0
ST-1313,0.0
ST-1312,0.0
ST-1311,0.00011916302178323792
ST-1310,2.9535649905382075e-05
ST-131,0.0
ST-1309,5.661558440177e-05
ST-1308,0.0
ST-1307,0.0002168591586252311
ST-1306,0.00030023615606288354
ST-1305,0.0008045597556905546
ST-1304,0.0
ST-1303,0.0
ST-1302,0.00025419549861881163
ST-1301,0.0
ST-1300,0.00031081479187625464
ST-130,0.0024968459730121424
ST-13,0.0
ST-1299,0.0
ST-1298,0.0006393129597726867
ST-1297,2.184533635667987e-05
ST-1296,5.610896514361198e-05
ST-1295,4.153360483981959e-05
ST-1294,0.0
ST-1293,1.8078371150941058e-05
ST-1292,3.138165362362453e-05
ST-1291,0.00012672615520641797
ST-1290,0.0
ST-129,0.0
ST-1289,1.3640466228176893e-05
ST-1288,4.0480490550516886e-05
ST-1287,4.683540581784358e-05
ST-1286,5.5746626722161545e-05
ST-1285,8.848692547505322e-05
ST-1284,3.934292678685861e-05
ST-1283,1.778125536051536e-05
ST-1282,3.057169507270796e-05
ST-1281,0.0
ST-1280,0.00015159843905897694
ST-128,0.0
ST-1279,0.00010178182471399009
ST-1278,3.631473184636217e-05
ST-1277,5.8954368949097895e-05
ST-1276,6.428039050318427e-05
ST-1275,0.001110733674196616
ST-1274,0.0003489578420240475
ST-1273,0.0002947703520778383
ST-1272,0.0
ST-1271,8.599598870929361e-05
ST-1270,0.0007579560792250633
ST-127,0.0
ST-1269,0.00022450992064525002
ST-1268,0.0010544491538547448
ST-1267,0.00019087708018903553
ST-1266,0.0005038715677757168
ST-1265,0.000241579104849296
ST-1264,0.00044627415147478907
ST-1263,0.0005152580499473105
ST-1262,0.00017556422534834148
ST-1261,0.0
ST-1260,6.421822483621678e-05
ST-126,0.0003610085306575276
ST-1259,0.0007109229863078157
ST-1258,0.0
ST-1257,0.0
ST-1256,0.0
ST-1255,0.0
ST-1254,0.0010274931067732794
ST-1253,0.0007845668312967916
ST-1252,3.41523335393512e-05
ST-1251,0.0027117861345878893
ST-1250,7.944416384730028e-05
ST-125,0.000403502625604562
ST-1249,0.0017364746426725263
ST-1248,2.9851812404458033e-05
ST-1247,0.000108403557476953
ST-1246,0.00019053793587979858
ST-1245,0.00021183544155795568
ST-1244,0.0
ST-1243,0.00039011770086355967
ST-1242,0.0
ST-1241,0.0
ST-1240,0.0
ST-124,0.0026718919324805117
ST-1239,0.00030536728433355027
ST-1238,0.00011329095253382152
ST-1237,0.0006243720496623994
ST-1236,0.00035258790479706905
ST-1235,0.00014018816890877425
ST-1234,0.0
ST-1233,0.00010452831968613312
ST-1232,0.0
ST-1231,4.8546158104417165e-05
ST-1230,0.0002807049405605508
ST-123,0.0004787484234431089
ST-1229,7.719081993653148e-05
ST-1228,0.0004991635145947752
ST-1227,0.0002521541739046798
ST-1226,0.000605007911273913
ST-1225,0.0
ST-1224,0.0002793278067257498
ST-1223,0.0018223938538050948
ST-1222,0.0002214739161367868
ST-1221,0.0003288100538346127
ST-1220,0.0004547025217971603
ST-122,0.0
ST-1219,0.0007567697610591261
ST-1218,0.0003678890242936703
ST-1217,5.1873595546583134e-05
ST-1216,4.036251771873039e-05
ST-1215,0.00032082155895206464
ST-1214,0.0
ST-1213,0.00011903952325891833
ST-1212,0.00012535333071230084
ST-1211,0.00010074393497435166
ST-1210,0.0001655567919727628
ST-121,0.0012133081678281689
ST-1209,0.0
ST-1208,2.6071937074935e-05
ST-1207,0.0001670066765987616
ST-1206,5.540066954134205e-05
ST-1205,0.0
ST-1204,7.088856974105761e-05
ST-1203,0.00013399840426159385
ST-1202,0.00024135114390312073
ST-1201,0.0003395225928393084
ST-1200,0.00014664256787103687
ST-120,0.0
ST-12,0.002854561011548809
ST-1199,0.0009227602313357196
ST-1198,0.0006553616997567687
ST-1197,0.00034885570560198626
ST-1195,0.0020859537305195418
ST-1194,0.0003583649546291103
ST-1193,8.042819395426679e-05
ST-1192,8.445772979022064e-05
ST-1191,0.0005953363857604109
ST-1190,0.005612694960758518
ST-119,0.0010282229529655427
ST-1189,0.001816801668704834
ST-1188,0.00046658031581192747
ST-1187,0.0
ST-1186,0.00019049511625698074
ST-1185,3.5004069203783355e-05
ST-1184,0.00018078540048400147
ST-1182,7.862361470717327e-05
ST-1181,0.00023095352875793137
ST-1180,0.00011072564599098044
ST-118,0.002081888677197776
ST-1179,8.601254727716336e-05
ST-1178,9.570074803739267e-05
ST-1177,0.0005560947696662016
ST-1176,0.0
ST-1174,0.0002893690681683288
ST-1173,0.00023017084280944149
ST-1172,0.000174509600393133
ST-1171,0.00047887387444109695
ST-1170,0.0
ST-117,0.0014261900880766776
ST-1169,0.0008983180404936327
ST-1168,0.0
ST-1167,6.107152129601301e-05
ST-1166,0.00016783661300090238
ST-1165,0.0002671231480334704
ST-1164,0.0
ST-1163,0.00047581350158634554
ST-1162,4.414658473782293e-05
ST-1161,3.966794942551794e-05
ST-1160,0.0006473978369050901
ST-116,0.0012891915288701238
ST-1159,0.0
ST-1158,0.000754292935875201
ST-1157,0.0
ST-1156,0.00017594792133857114
ST-1155,0.0
ST-1154,0.00021228805567100872
ST-1153,0.00014998514876742546
ST-1152,0.0012495423642980836
ST-1151,0.0007258467629323964
ST-1150,0.0027384836844066714
ST-115,0.0
ST-1149,0.00020234645549846087
ST-1148,0.000139121018905283
ST-1147,0.00018002002944733398
ST-1146,0.00022623584057640634
ST-1145,0.0
ST-1144,5.621215167533548e-05
ST-1143,4.6100591613288363e-05
ST-1142,0.0003500835785724394
ST-1141,0.00015816600228248478
ST-1140,0.00016013630135186006
ST-114,0.00023061826148601696
ST-1139,0.0
ST-1138,0.0
ST-1137,0.00019616170791604605
ST-1136,6.760352636924536e-05
ST-1135,3.613165728209479e-05
ST-1134,0.0
ST-1133,0.0
ST-1132,3.5623021383263576e-05
ST-1131,8.378681829321926e-05
ST-1130,1.4163849534704502e-05
ST-113,0.00016155795007857248
ST-1129,1.0837170905351027e-05
ST-1128,1.168754025133596e-05
ST-1127,2.706355795501843e-05
ST-1126,0.0
ST-1125,5.85543644612344e-05
ST-1124,0.0
ST-1123,9.270437624156937e-05
ST-1122,2.2936941297734862e-05
ST-1121,0.00012746563908445894
ST-1120,2.0952085116053703e-05
ST-112,0.0002771063276104169
ST-1119,2.4946443493111262e-05
ST-1118,0.00011404726312751416
ST-1117,0.0
ST-1116,0.0
ST-1115,0.0
ST-1114,3.486737246474687e-05
ST-1112,0.0
ST-1111,0.00022866286109351775
ST-1110,3.742367738303325e-05
ST-111,0.000574551820595719
ST-1109,0.00016676055284115787
ST-1108,0.0
ST-1107,0.00010386324054005023
ST-1106,0.00012889030033470166
ST-1105,0.000266886872747989
ST-1104,0.00010896173568780411
ST-1103,0.0001439845924377063
ST-1102,3.8265399531895625e-05
ST-1101,9.513996368075421e-05
ST-1100,4.316484525358863e-05
ST-110,0.006686448700529587
ST-11,0.0
ST-1099,0.0002054936022103006
ST-1098,0.0002782518357945412
ST-1097,0.00012476006475123442
ST-1096,4.609748398512296e-05
ST-1095,0.00021624248491415742
ST-1094,0.0
ST-1093,0.000176751429442389
ST-1092,5.117253511076504e-05
ST-1091,0.0
ST-1090,0.0
ST-109,0.0007460314467379203
ST-1089,6.419536974019673e-05
ST-1088,0.00012529726247778345
ST-1087,0.00016966868510460498
ST-1086,0.00010626516055412135
ST-1085,6.871130766059859e-05
ST-1084,6.492441954946184e-05
ST-1083,0.00018786697472596262
ST-1082,8.68113218460487e-06
ST-1081,0.00011184848944613486
ST-1080,0.0
ST-108,0.0004023403213816652
ST-1079,5.89239754258233e-05
ST-1078,0.00011377775888439638
ST-1077,2.3894650064491676e-05
ST-1076,9.101809163792003e-05
ST-1075,6.0181186630777725e-05
ST-1074,0.0
ST-1073,0.0
ST-1072,2.6751123721657744e-05
ST-1070,0.0001332934612854359
ST-107,0.0005432601405303866
ST-1069,0.0012704484166756343
ST-1068,0.0
ST-1067,0.0010078831500669467
ST-1066,0.0
ST-1065,0.003249267335089597
ST-1064,0.0015751589705931127
ST-1063,0.0007707565925248479
ST-1062,0.0012840379442261884
ST-1061,0.0002243334481816816
ST-1060,0.0
ST-106,0.0
ST-1059,4.095320582773964e-05
ST-1058,3.242510342210056e-05
ST-1057,0.0
ST-1056,1.2398190589002583e-05
ST-1055,3.481937186672084e-05
ST-1054,2.4173925352901987e-05
ST-1053,7.936479640010447e-05
ST-1052,0.0
ST-1051,1.8647182352010844e-05
ST-1050,5.5439153500733685e-05
ST-105,0.00022566033837482927
ST-1049,8.769272411422279e-05
ST-1048,0.0
ST-1047,8.740091995463876e-05
ST-1046,0.00018377314566015725
ST-1045,6.299886357183704e-05
ST-1044,7.190494903769672e-05
ST-1043,0.0
ST-1042,2.735288790533815e-05
ST-1041,0.00014034383682227488
ST-1040,7.323965874771624e-05
ST-104,0.0
ST-1039,0.09646541784904238
ST-1038,0.03153901104795275
ST-1037,0.0
ST-1036,0.028984774841881996
ST-1035,0.17492441704579006
ST-1034,0.005672888512251598
ST-1033,0.014637905927206334
ST-1032,0.011408546430362744
ST-1031,0.03267431953961622
ST-1030,0.0
ST-103,0.00010040992274102058
ST-1029,0.016045604185542385
ST-1028,0.06150334951656658
ST-1027,0.046861713397499706
ST-1025,0.008362721858475433
ST-1024,0.118391603239706
ST-1023,0.08243577089964003
ST-1022,0.0
ST-1021,0.0
ST-1020,0.0005658573483495728
ST-102,0.00033332377828369455
ST-1019,0.00023781497476962134
ST-1018,0.0005549220297905862
ST-1017,0.00081794631823108
ST-1016,0.000586044658179969
ST-1015,0.0005784614539178449
ST-1014,0.00018916548055353808
ST-1013,0.0003146174065596766
ST-1012,0.00014299138839283135
ST-1011,0.00020882592450093546
ST-1010,0.00041585507603379284
ST-101,0.0
ST-1009,0.0
ST-1008,0.00018075374444094438
ST-1007,0.0002697392954655445
ST-1006,0.0005689523894899647
ST-1005,0.00038568133813497756
ST-1004,0.00012601525940477535
ST-1003,0.0004290469997704711
ST-1002,0.0018788677521360236
ST-1001,0.0
ST-1000,0.0003736491059557911
ST-100,0.0
ST-10,0.0059709441702495555
